t,original
0.000000000000000000e+00,0.000000000000000000e+00
1.000000000000000021e-03,3.896099999999999997e-03
2.000000000000000042e-03,7.784399999999999480e-03
3.000000000000000062e-03,1.166490000000000062e-02
4.000000000000000083e-03,1.553759999999999863e-02
5.000000000000000104e-03,1.940249999999999961e-02
6.000000000000000125e-03,2.325960000000000180e-02
7.000000000000000146e-03,2.710890000000000175e-02
8.000000000000000167e-03,3.095039999999999944e-02
9.000000000000001055e-03,3.478410000000000529e-02
1.000000000000000194e-02,3.861000000000000543e-02
1.100000000000000283e-02,4.242810000000001025e-02
1.200000000000000372e-02,4.623840000000001282e-02
1.300000000000000461e-02,5.004090000000001315e-02
1.400000000000000550e-02,5.383560000000002510e-02
1.500000000000000638e-02,5.762250000000002093e-02
1.600000000000000727e-02,6.140160000000002144e-02
1.700000000000000816e-02,6.517290000000001970e-02
1.800000000000000905e-02,6.893640000000003654e-02
1.900000000000000994e-02,7.269210000000003724e-02
2.000000000000001082e-02,7.644000000000003570e-02
2.100000000000001171e-02,8.018010000000004578e-02
2.200000000000001260e-02,8.391240000000003973e-02
2.300000000000001349e-02,8.763690000000005920e-02
2.400000000000001438e-02,9.135360000000004865e-02
2.500000000000001527e-02,9.506250000000004974e-02
2.600000000000001615e-02,9.876360000000006245e-02
2.700000000000001704e-02,1.024569000000000590e-01
2.800000000000001793e-02,1.061424000000000534e-01
2.900000000000001882e-02,1.098201000000000732e-01
3.000000000000001971e-02,1.134900000000000769e-01
3.100000000000002059e-02,1.171521000000000645e-01
3.200000000000002148e-02,1.208064000000000776e-01
3.300000000000002237e-02,1.244529000000000885e-01
3.400000000000002326e-02,1.280916000000000832e-01
3.500000000000002415e-02,1.317225000000000756e-01
3.600000000000002504e-02,1.353456000000000936e-01
3.700000000000002592e-02,1.389609000000000816e-01
3.800000000000002681e-02,1.425684000000000951e-01
3.900000000000002770e-02,1.461681000000000785e-01
4.000000000000002859e-02,1.497600000000000875e-01
4.100000000000002948e-02,1.533441000000000942e-01
4.200000000000003036e-02,1.569204000000000987e-01
4.300000000000003125e-02,1.604889000000001287e-01
4.400000000000003214e-02,1.640496000000001009e-01
4.500000000000003303e-02,1.676025000000001264e-01
4.600000000000003392e-02,1.711476000000000941e-01
4.700000000000003481e-02,1.746849000000001151e-01
4.800000000000003569e-02,1.782144000000001338e-01
4.900000000000003658e-02,1.817361000000001225e-01
5.000000000000003747e-02,1.852500000000001368e-01
5.100000000000003836e-02,1.887561000000001210e-01
5.200000000000003925e-02,1.922544000000001307e-01
5.300000000000004013e-02,1.957449000000001382e-01
5.400000000000004102e-02,1.992276000000001435e-01
5.500000000000004191e-02,2.027025000000001465e-01
5.600000000000004280e-02,2.061696000000001194e-01
5.700000000000004369e-02,2.096289000000001457e-01
5.800000000000004458e-02,2.130804000000001697e-01
5.900000000000004546e-02,2.165241000000001359e-01
6.000000000000004635e-02,2.199600000000001554e-01
6.100000000000004724e-02,2.233881000000001449e-01
6.200000000000004813e-02,2.268084000000001599e-01
6.300000000000004208e-02,2.302209000000001449e-01
6.400000000000004297e-02,2.336256000000001276e-01
6.500000000000004385e-02,2.370225000000001359e-01
6.600000000000004474e-02,2.404116000000001696e-01
6.700000000000004563e-02,2.437929000000001734e-01
6.800000000000004652e-02,2.471664000000001193e-01
6.900000000000004741e-02,2.505321000000001463e-01
7.000000000000004829e-02,2.538900000000001711e-01
7.100000000000004918e-02,2.572401000000001936e-01
7.200000000000005007e-02,2.605824000000001583e-01
7.300000000000005096e-02,2.639169000000001208e-01
7.400000000000005185e-02,2.672436000000001366e-01
7.500000000000005274e-02,2.705625000000001501e-01
7.600000000000005362e-02,2.738736000000001614e-01
7.700000000000005451e-02,2.771769000000001704e-01
7.800000000000005540e-02,2.804724000000001771e-01
7.900000000000005629e-02,2.837601000000001816e-01
8.000000000000005718e-02,2.870400000000001839e-01
8.100000000000005806e-02,2.903121000000001839e-01
8.200000000000005895e-02,2.935764000000001817e-01
8.300000000000005984e-02,2.968329000000001772e-01
8.400000000000006073e-02,3.000816000000001704e-01
8.500000000000006162e-02,3.033225000000002169e-01
8.600000000000006251e-02,3.065556000000002057e-01
8.700000000000006339e-02,3.097809000000001922e-01
8.800000000000006428e-02,3.129984000000001765e-01
8.900000000000006517e-02,3.162081000000002140e-01
9.000000000000006606e-02,3.194100000000001938e-01
9.100000000000006695e-02,3.226041000000002268e-01
9.200000000000006783e-02,3.257904000000002021e-01
9.300000000000006872e-02,3.289689000000001751e-01
9.400000000000006961e-02,3.321396000000002013e-01
9.500000000000007050e-02,3.353025000000002254e-01
9.600000000000007139e-02,3.384576000000002471e-01
9.700000000000007228e-02,3.416049000000002112e-01
9.800000000000007316e-02,3.447444000000002284e-01
9.900000000000007405e-02,3.478761000000001880e-01
1.000000000000000749e-01,3.510000000000002007e-01
1.010000000000000758e-01,3.541161000000002668e-01
1.020000000000000767e-01,3.572244000000002195e-01
1.030000000000000776e-01,3.603249000000002256e-01
1.040000000000000785e-01,3.634176000000002293e-01
1.050000000000000794e-01,3.665025000000002309e-01
1.060000000000000803e-01,3.695796000000002302e-01
1.070000000000000812e-01,3.726489000000002272e-01
1.080000000000000820e-01,3.757104000000002220e-01
1.090000000000000829e-01,3.787641000000002145e-01
1.100000000000000838e-01,3.818100000000002603e-01
1.110000000000000847e-01,3.848481000000002483e-01
1.120000000000000856e-01,3.878784000000002341e-01
1.130000000000000865e-01,3.909009000000002176e-01
1.140000000000000874e-01,3.939156000000002544e-01
1.150000000000000883e-01,3.969225000000002335e-01
1.160000000000000892e-01,3.999216000000002658e-01
1.170000000000000900e-01,4.029129000000002403e-01
1.180000000000000909e-01,4.058964000000002681e-01
1.190000000000000918e-01,4.088721000000002381e-01
1.200000000000000927e-01,4.118400000000002614e-01
1.210000000000000936e-01,4.148001000000002825e-01
1.220000000000000945e-01,4.177524000000002458e-01
1.230000000000000954e-01,4.206969000000002623e-01
1.240000000000000963e-01,4.236336000000002766e-01
1.250000000000000833e-01,4.265625000000002331e-01
1.260000000000000842e-01,4.294836000000002429e-01
1.270000000000000850e-01,4.323969000000001950e-01
1.280000000000000859e-01,4.353024000000002003e-01
1.290000000000000868e-01,4.382001000000002033e-01
1.300000000000000877e-01,4.410900000000002597e-01
1.310000000000000886e-01,4.439721000000002582e-01
1.320000000000000895e-01,4.468464000000002545e-01
1.330000000000000904e-01,4.497129000000002486e-01
1.340000000000000913e-01,4.525716000000002959e-01
1.350000000000000921e-01,4.554225000000001744e-01
1.360000000000000930e-01,4.582656000000002172e-01
1.370000000000000939e-01,4.611009000000002023e-01
1.380000000000000948e-01,4.639284000000002406e-01
1.390000000000000957e-01,4.667481000000002211e-01
1.400000000000000966e-01,4.695600000000002550e-01
1.410000000000000975e-01,4.723641000000002865e-01
1.420000000000000984e-01,4.751604000000002603e-01
1.430000000000000993e-01,4.779489000000002874e-01
1.440000000000001001e-01,4.807296000000003122e-01
1.450000000000001010e-01,4.835025000000002238e-01
1.460000000000001019e-01,4.862676000000002441e-01
1.470000000000001028e-01,4.890249000000002622e-01
1.480000000000001037e-01,4.917744000000002225e-01
1.490000000000001046e-01,4.945161000000002360e-01
1.500000000000001055e-01,4.972500000000002474e-01
1.510000000000001064e-01,4.999761000000002564e-01
1.520000000000001072e-01,5.026944000000003188e-01
1.530000000000001081e-01,5.054049000000002678e-01
1.540000000000001090e-01,5.081076000000003257e-01
1.550000000000001099e-01,5.108025000000002702e-01
1.560000000000001108e-01,5.134896000000002125e-01
1.570000000000001117e-01,5.161689000000002636e-01
1.580000000000001126e-01,5.188404000000003125e-01
1.590000000000001135e-01,5.215041000000002480e-01
1.600000000000001144e-01,5.241600000000002924e-01
1.610000000000001152e-01,5.268081000000003344e-01
1.620000000000001161e-01,5.294484000000002633e-01
1.630000000000001170e-01,5.320809000000003008e-01
1.640000000000001179e-01,5.347056000000002252e-01
1.650000000000001188e-01,5.373225000000002582e-01
1.660000000000001197e-01,5.399316000000002891e-01
1.670000000000001206e-01,5.425329000000003177e-01
1.680000000000001215e-01,5.451264000000002330e-01
1.690000000000001223e-01,5.477121000000002571e-01
1.700000000000001232e-01,5.502900000000002789e-01
1.710000000000001241e-01,5.528601000000002985e-01
1.720000000000001250e-01,5.554224000000003159e-01
1.730000000000001259e-01,5.579769000000003309e-01
1.740000000000001268e-01,5.605236000000002328e-01
1.750000000000001277e-01,5.630625000000002434e-01
1.760000000000001286e-01,5.655936000000002517e-01
1.770000000000001295e-01,5.681169000000002578e-01
1.780000000000001303e-01,5.706324000000002616e-01
1.790000000000001312e-01,5.731401000000002632e-01
1.800000000000001321e-01,5.756400000000002626e-01
1.810000000000001330e-01,5.781321000000003707e-01
1.820000000000001339e-01,5.806164000000003655e-01
1.830000000000001348e-01,5.830929000000003581e-01
1.840000000000001357e-01,5.855616000000002375e-01
1.850000000000001366e-01,5.880225000000002256e-01
1.860000000000001374e-01,5.904756000000003224e-01
1.870000000000001383e-01,5.929209000000003060e-01
1.880000000000001392e-01,5.953584000000002874e-01
1.890000000000001401e-01,5.977881000000002665e-01
1.900000000000001410e-01,6.002100000000003543e-01
1.910000000000001419e-01,6.026241000000003289e-01
1.920000000000001428e-01,6.050304000000003013e-01
1.930000000000001437e-01,6.074289000000003824e-01
1.940000000000001446e-01,6.098196000000002392e-01
1.950000000000001454e-01,6.122025000000003159e-01
1.960000000000001463e-01,6.145776000000002792e-01
1.970000000000001472e-01,6.169449000000003513e-01
1.980000000000001481e-01,6.193044000000003102e-01
1.990000000000001490e-01,6.216561000000002668e-01
2.000000000000001499e-01,6.240000000000003322e-01
2.010000000000001508e-01,6.263361000000002843e-01
2.020000000000001517e-01,6.286644000000003452e-01
2.030000000000001525e-01,6.309849000000004038e-01
2.040000000000001534e-01,6.332976000000002381e-01
2.050000000000001543e-01,6.356025000000002922e-01
2.060000000000001552e-01,6.378996000000003441e-01
2.070000000000001561e-01,6.401889000000002827e-01
2.080000000000001570e-01,6.424704000000003301e-01
2.090000000000001579e-01,6.447441000000003752e-01
2.100000000000001588e-01,6.470100000000003071e-01
2.110000000000001597e-01,6.492681000000003477e-01
2.120000000000001605e-01,6.515184000000003861e-01
2.130000000000001614e-01,6.537609000000003112e-01
2.140000000000001623e-01,6.559956000000002341e-01
2.150000000000001632e-01,6.582225000000002657e-01
2.160000000000001641e-01,6.604416000000002951e-01
2.170000000000001650e-01,6.626529000000003222e-01
2.180000000000001659e-01,6.648564000000003471e-01
2.190000000000001668e-01,6.670521000000003697e-01
2.200000000000001676e-01,6.692400000000003901e-01
2.210000000000001685e-01,6.714201000000002972e-01
2.220000000000001694e-01,6.735924000000003131e-01
2.230000000000001703e-01,6.757569000000003268e-01
2.240000000000001712e-01,6.779136000000003381e-01
2.250000000000001721e-01,6.800625000000003473e-01
2.260000000000001730e-01,6.822036000000003542e-01
2.270000000000001739e-01,6.843369000000003588e-01
2.280000000000001747e-01,6.864624000000003612e-01
2.290000000000001756e-01,6.885801000000003613e-01
2.300000000000001765e-01,6.906900000000003592e-01
2.310000000000001774e-01,6.927921000000003549e-01
2.320000000000001783e-01,6.948864000000003482e-01
2.330000000000001792e-01,6.969729000000003394e-01
2.340000000000001801e-01,6.990516000000003283e-01
2.350000000000001810e-01,7.011225000000003149e-01
2.360000000000001819e-01,7.031856000000002993e-01
2.370000000000001827e-01,7.052409000000002814e-01
2.380000000000001836e-01,7.072884000000003724e-01
2.390000000000001845e-01,7.093281000000003500e-01
2.400000000000001854e-01,7.113600000000003254e-01
2.410000000000001863e-01,7.133841000000004096e-01
2.420000000000001872e-01,7.154004000000003805e-01
2.430000000000001881e-01,7.174089000000003491e-01
2.440000000000001890e-01,7.194096000000003155e-01
2.450000000000001898e-01,7.214025000000002796e-01
2.460000000000001907e-01,7.233876000000003526e-01
2.470000000000001916e-01,7.253649000000003122e-01
2.480000000000001925e-01,7.273344000000003806e-01
2.490000000000001934e-01,7.292961000000003358e-01
2.500000000000001665e-01,7.312500000000002887e-01
2.510000000000001674e-01,7.331961000000003503e-01
2.520000000000001683e-01,7.351344000000002987e-01
2.530000000000001692e-01,7.370649000000003559e-01
2.540000000000001701e-01,7.389876000000001888e-01
2.550000000000001710e-01,7.409025000000003525e-01
2.560000000000001719e-01,7.428096000000001808e-01
2.570000000000001728e-01,7.447089000000003400e-01
2.580000000000001736e-01,7.466004000000002749e-01
2.590000000000001745e-01,7.484841000000003186e-01
2.600000000000001754e-01,7.503600000000002490e-01
2.610000000000001763e-01,7.522281000000003992e-01
2.620000000000001772e-01,7.540884000000003251e-01
2.630000000000001781e-01,7.559409000000003598e-01
2.640000000000001790e-01,7.577856000000002812e-01
2.650000000000001799e-01,7.596225000000004224e-01
2.660000000000001807e-01,7.614516000000003393e-01
2.670000000000001816e-01,7.632729000000004760e-01
2.680000000000001825e-01,7.650864000000003884e-01
2.690000000000001834e-01,7.668921000000002985e-01
2.700000000000001843e-01,7.686900000000002064e-01
2.710000000000001852e-01,7.704801000000003341e-01
2.720000000000001861e-01,7.722624000000002376e-01
2.730000000000001870e-01,7.740369000000003608e-01
2.740000000000001878e-01,7.758036000000002597e-01
2.750000000000001887e-01,7.775625000000003784e-01
2.760000000000001896e-01,7.793136000000002728e-01
2.770000000000001905e-01,7.810569000000003870e-01
2.780000000000001914e-01,7.827924000000002769e-01
2.790000000000001923e-01,7.845201000000003866e-01
2.800000000000001932e-01,7.862400000000002720e-01
2.810000000000001941e-01,7.879521000000003772e-01
2.820000000000001950e-01,7.896564000000002581e-01
2.830000000000001958e-01,7.913529000000003588e-01
2.840000000000001967e-01,7.930416000000003462e-01
2.850000000000001976e-01,7.947225000000004425e-01
2.860000000000001985e-01,7.963956000000003144e-01
2.870000000000001994e-01,7.980609000000004061e-01
2.880000000000002003e-01,7.997184000000002735e-01
2.890000000000002012e-01,8.013681000000002497e-01
2.900000000000002021e-01,8.030100000000002236e-01
2.910000000000002029e-01,8.046441000000003063e-01
2.920000000000002038e-01,8.062704000000001647e-01
2.930000000000002047e-01,8.078889000000003540e-01
2.940000000000002056e-01,8.094996000000002079e-01
2.950000000000002065e-01,8.111025000000003926e-01
2.960000000000002074e-01,8.126976000000002420e-01
2.970000000000002083e-01,8.142849000000004223e-01
2.980000000000002092e-01,8.158644000000002672e-01
2.990000000000002101e-01,8.174361000000003319e-01
3.000000000000002109e-01,8.190000000000002833e-01
3.010000000000002118e-01,8.205561000000003435e-01
3.020000000000002127e-01,8.221044000000002905e-01
3.030000000000002136e-01,8.236449000000004572e-01
3.040000000000002145e-01,8.251776000000002886e-01
3.050000000000002154e-01,8.267025000000004509e-01
3.060000000000002163e-01,8.282196000000002778e-01
3.070000000000002172e-01,8.297289000000004355e-01
3.080000000000002180e-01,8.312304000000003690e-01
3.090000000000002189e-01,8.327241000000003002e-01
3.100000000000002198e-01,8.342100000000002291e-01
3.110000000000002207e-01,8.356881000000002668e-01
3.120000000000002216e-01,8.371584000000001913e-01
3.130000000000002225e-01,8.386209000000003355e-01
3.140000000000002234e-01,8.400756000000002555e-01
3.150000000000002243e-01,8.415225000000003952e-01
3.160000000000002252e-01,8.429616000000001996e-01
3.170000000000002260e-01,8.443929000000003349e-01
3.180000000000002269e-01,8.458164000000002458e-01
3.190000000000002278e-01,8.472321000000003766e-01
3.200000000000002287e-01,8.486400000000002830e-01
3.210000000000002296e-01,8.500401000000004093e-01
3.220000000000002305e-01,8.514324000000003112e-01
3.230000000000002314e-01,8.528169000000004329e-01
3.240000000000002323e-01,8.541936000000003304e-01
3.250000000000002331e-01,8.555625000000004476e-01
3.260000000000002340e-01,8.569236000000003406e-01
3.270000000000002349e-01,8.582769000000004533e-01
3.280000000000002358e-01,8.596224000000001197e-01
3.290000000000002367e-01,8.609601000000003390e-01
3.300000000000002376e-01,8.622900000000001119e-01
3.310000000000002385e-01,8.636121000000003267e-01
3.320000000000002394e-01,8.649264000000002062e-01
3.330000000000002403e-01,8.662329000000003054e-01
3.340000000000002411e-01,8.675316000000001804e-01
3.350000000000002420e-01,8.688225000000003861e-01
3.360000000000002429e-01,8.701056000000002566e-01
3.370000000000002438e-01,8.713809000000003469e-01
3.380000000000002447e-01,8.726484000000002128e-01
3.390000000000002456e-01,8.739081000000004096e-01
3.400000000000002465e-01,8.751600000000002710e-01
3.410000000000002474e-01,8.764041000000003523e-01
3.420000000000002482e-01,8.776404000000002092e-01
3.430000000000002491e-01,8.788689000000003970e-01
3.440000000000002500e-01,8.800896000000002495e-01
3.450000000000002509e-01,8.813025000000004328e-01
3.460000000000002518e-01,8.825076000000002807e-01
3.470000000000002527e-01,8.837049000000004595e-01
3.480000000000002536e-01,8.848944000000000809e-01
3.490000000000002545e-01,8.860761000000002552e-01
3.500000000000002554e-01,8.872500000000000941e-01
3.510000000000002562e-01,8.884161000000002639e-01
3.520000000000002571e-01,8.895744000000002094e-01
3.530000000000002580e-01,8.907249000000002637e-01
3.540000000000002589e-01,8.918676000000002047e-01
3.550000000000002598e-01,8.930025000000003654e-01
3.560000000000002607e-01,8.941296000000001909e-01
3.570000000000002616e-01,8.952489000000003472e-01
3.580000000000002625e-01,8.963604000000001681e-01
3.590000000000002633e-01,8.974641000000003199e-01
3.600000000000002642e-01,8.985600000000002474e-01
3.610000000000002651e-01,8.996481000000003947e-01
3.620000000000002660e-01,9.007284000000002067e-01
3.630000000000002669e-01,9.018009000000003494e-01
3.640000000000002678e-01,9.028656000000002679e-01
3.650000000000002687e-01,9.039225000000004062e-01
3.660000000000002696e-01,9.049716000000002092e-01
3.670000000000002705e-01,9.060129000000004540e-01
3.680000000000002713e-01,9.070464000000001414e-01
3.690000000000002722e-01,9.080721000000002707e-01
3.700000000000002731e-01,9.090900000000001757e-01
3.710000000000002740e-01,9.101001000000003005e-01
3.720000000000002749e-01,9.111024000000000900e-01
3.730000000000002758e-01,9.120969000000003213e-01
3.740000000000002767e-01,9.130836000000001063e-01
3.750000000000002776e-01,9.140625000000003331e-01
3.760000000000002784e-01,9.150336000000001135e-01
3.770000000000002793e-01,9.159969000000003359e-01
3.780000000000002802e-01,9.169524000000002228e-01
3.790000000000002811e-01,9.179001000000003296e-01
3.800000000000002820e-01,9.188400000000002121e-01
3.810000000000002829e-01,9.197721000000003144e-01
3.820000000000002838e-01,9.206964000000001924e-01
3.830000000000002847e-01,9.216129000000004012e-01
3.840000000000002855e-01,9.225216000000001637e-01
3.850000000000002864e-01,9.234225000000003680e-01
3.860000000000002873e-01,9.243156000000002370e-01
3.870000000000002882e-01,9.252009000000004368e-01
3.880000000000002891e-01,9.260784000000000793e-01
3.890000000000002900e-01,9.269481000000002746e-01
3.900000000000002909e-01,9.278100000000001346e-01
3.910000000000002918e-01,9.286641000000002144e-01
3.920000000000002927e-01,9.295104000000000699e-01
3.930000000000002935e-01,9.303489000000002562e-01
3.940000000000002944e-01,9.311796000000001072e-01
3.950000000000002953e-01,9.320025000000002890e-01
3.960000000000002962e-01,9.328176000000001356e-01
3.970000000000002971e-01,9.336249000000003129e-01
3.980000000000002980e-01,9.344244000000001549e-01
3.990000000000002989e-01,9.352161000000003277e-01
4.000000000000002998e-01,9.360000000000001652e-01
4.010000000000003006e-01,9.367761000000003335e-01
4.020000000000003015e-01,9.375444000000001665e-01
4.030000000000003024e-01,9.383049000000003304e-01
4.040000000000003033e-01,9.390576000000001589e-01
4.050000000000003042e-01,9.398025000000003182e-01
4.060000000000003051e-01,9.405396000000001422e-01
4.070000000000003060e-01,9.412689000000004080e-01
4.080000000000003069e-01,9.419904000000000055e-01
4.090000000000003078e-01,9.427041000000002668e-01
4.100000000000003086e-01,9.434100000000000819e-01
4.110000000000003095e-01,9.441081000000002277e-01
4.120000000000003104e-01,9.447984000000000382e-01
4.130000000000003113e-01,9.454809000000002905e-01
4.140000000000003122e-01,9.461556000000000965e-01
4.150000000000003131e-01,9.468225000000002334e-01
4.160000000000003140e-01,9.474816000000000349e-01
4.170000000000003149e-01,9.481329000000002782e-01
4.180000000000003157e-01,9.487764000000000753e-01
4.190000000000003166e-01,9.494121000000003141e-01
4.200000000000003175e-01,9.500400000000001066e-01
4.210000000000003184e-01,9.506601000000003410e-01
4.220000000000003193e-01,9.512724000000001290e-01
4.230000000000003202e-01,9.518769000000002478e-01
4.240000000000003211e-01,9.524736000000001424e-01
4.250000000000003220e-01,9.530625000000002567e-01
4.260000000000003229e-01,9.536436000000001467e-01
4.270000000000003237e-01,9.542169000000003676e-01
4.280000000000003246e-01,9.547824000000000311e-01
4.290000000000003255e-01,9.553401000000002474e-01
4.300000000000003264e-01,9.558900000000000174e-01
4.310000000000003273e-01,9.564321000000002293e-01
4.320000000000003282e-01,9.569663999999999948e-01
4.330000000000003291e-01,9.574929000000002022e-01
4.340000000000003300e-01,9.580116000000000742e-01
4.350000000000003308e-01,9.585225000000002771e-01
4.360000000000003317e-01,9.590256000000000336e-01
4.370000000000003326e-01,9.595209000000002320e-01
4.380000000000003335e-01,9.600084000000000950e-01
4.390000000000003344e-01,9.604881000000002889e-01
4.400000000000003353e-01,9.609600000000000364e-01
4.410000000000003362e-01,9.614241000000002257e-01
4.420000000000003371e-01,9.618804000000000798e-01
4.430000000000003380e-01,9.623289000000002646e-01
4.440000000000003388e-01,9.627696000000001142e-01
4.450000000000003397e-01,9.632025000000002946e-01
4.460000000000003406e-01,9.636276000000000286e-01
4.470000000000003415e-01,9.640449000000002044e-01
4.480000000000003424e-01,9.644543999999999340e-01
4.490000000000003433e-01,9.648561000000002164e-01
4.500000000000003442e-01,9.652499999999999414e-01
4.510000000000003451e-01,9.656361000000002193e-01
4.520000000000003459e-01,9.660143999999999398e-01
4.530000000000003468e-01,9.663849000000002132e-01
4.540000000000003477e-01,9.667476000000000402e-01
4.550000000000003486e-01,9.671025000000001981e-01
4.560000000000003495e-01,9.674496000000000206e-01
4.570000000000003504e-01,9.677889000000001740e-01
4.580000000000003513e-01,9.681203999999999921e-01
4.590000000000003522e-01,9.684441000000002520e-01
4.600000000000003531e-01,9.687599999999999545e-01
4.610000000000003539e-01,9.690681000000002099e-01
4.620000000000003548e-01,9.693684000000000189e-01
4.630000000000003557e-01,9.696609000000002698e-01
4.640000000000003566e-01,9.699456000000000744e-01
4.650000000000003575e-01,9.702225000000002098e-01
4.660000000000003584e-01,9.704916000000000098e-01
4.670000000000003593e-01,9.707529000000001407e-01
4.680000000000003602e-01,9.710063999999999362e-01
4.690000000000003610e-01,9.712521000000001736e-01
4.700000000000003619e-01,9.714899999999999647e-01
4.710000000000003628e-01,9.717201000000000866e-01
4.720000000000003637e-01,9.719423999999998731e-01
4.730000000000003646e-01,9.721569000000001015e-01
4.740000000000003655e-01,9.723635999999998836e-01
4.750000000000003664e-01,9.725625000000001075e-01
4.760000000000003673e-01,9.727535999999998850e-01
4.770000000000003681e-01,9.729369000000001044e-01
4.780000000000003690e-01,9.731123999999999885e-01
4.790000000000003699e-01,9.732801000000002034e-01
4.800000000000003708e-01,9.734399999999999720e-01
4.810000000000003717e-01,9.735921000000001824e-01
4.820000000000003726e-01,9.737363999999999464e-01
4.830000000000003735e-01,9.738729000000001523e-01
4.840000000000003744e-01,9.740015999999999119e-01
4.850000000000003753e-01,9.741225000000002243e-01
4.860000000000003761e-01,9.742355999999999794e-01
4.870000000000003770e-01,9.743409000000000653e-01
4.880000000000003779e-01,9.744383999999998158e-01
4.890000000000003788e-01,9.745281000000001193e-01
4.900000000000003797e-01,9.746099999999998653e-01
4.910000000000003806e-01,9.746841000000000532e-01
4.920000000000003815e-01,9.747503999999999058e-01
4.930000000000003824e-01,9.748089000000000892e-01
4.940000000000003832e-01,9.748595999999998263e-01
4.950000000000003841e-01,9.749025000000001162e-01
4.960000000000003850e-01,9.749375999999998488e-01
4.970000000000003859e-01,9.749649000000001342e-01
4.980000000000003868e-01,9.749843999999998623e-01
4.990000000000003877e-01,9.749961000000001432e-01
5.000000000000003331e-01,9.749999999999999778e-01
5.010000000000003340e-01,9.749961000000000322e-01
5.020000000000003348e-01,9.749843999999999733e-01
5.030000000000003357e-01,9.749649000000000232e-01
5.040000000000003366e-01,9.749375999999999598e-01
5.050000000000003375e-01,9.749025000000000052e-01
5.060000000000003384e-01,9.748596000000000483e-01
5.070000000000003393e-01,9.748088999999998672e-01
5.080000000000003402e-01,9.747503999999999058e-01
5.090000000000003411e-01,9.746840999999999422e-01
5.100000000000003419e-01,9.746099999999998653e-01
5.110000000000003428e-01,9.745280999999998972e-01
5.120000000000003437e-01,9.744383999999999268e-01
5.130000000000003446e-01,9.743409000000000653e-01
5.140000000000003455e-01,9.742355999999999794e-01
5.150000000000003464e-01,9.741225000000000023e-01
5.160000000000003473e-01,9.740015999999999119e-01
5.170000000000003482e-01,9.738728999999998193e-01
5.180000000000003491e-01,9.737363999999999464e-01
5.190000000000003499e-01,9.735920999999998493e-01
5.200000000000003508e-01,9.734399999999999720e-01
5.210000000000003517e-01,9.732800999999998703e-01
5.220000000000003526e-01,9.731123999999999885e-01
5.230000000000003535e-01,9.729368999999998824e-01
5.240000000000003544e-01,9.727535999999999961e-01
5.250000000000003553e-01,9.725624999999998854e-01
5.260000000000003562e-01,9.723635999999999946e-01
5.270000000000003570e-01,9.721568999999998795e-01
5.280000000000003579e-01,9.719423999999999841e-01
5.290000000000003588e-01,9.717200999999998645e-01
5.300000000000003597e-01,9.714899999999999647e-01
5.310000000000003606e-01,9.712520999999998406e-01
5.320000000000003615e-01,9.710063999999999362e-01
5.330000000000003624e-01,9.707528999999999186e-01
5.340000000000003633e-01,9.704916000000000098e-01
5.350000000000003642e-01,9.702224999999998767e-01
5.360000000000003650e-01,9.699455999999999634e-01
5.370000000000003659e-01,9.696608999999998257e-01
5.380000000000003668e-01,9.693683999999997969e-01
5.390000000000003677e-01,9.690680999999998768e-01
5.400000000000003686e-01,9.687599999999997324e-01
5.410000000000003695e-01,9.684440999999999189e-01
5.420000000000003704e-01,9.681203999999997700e-01
5.430000000000003713e-01,9.677888999999998410e-01
5.440000000000003721e-01,9.674495999999997986e-01
5.450000000000003730e-01,9.671024999999998650e-01
5.460000000000003739e-01,9.667475999999998182e-01
5.470000000000003748e-01,9.663848999999998801e-01
5.480000000000003757e-01,9.660143999999998288e-01
5.490000000000003766e-01,9.656360999999998862e-01
5.500000000000003775e-01,9.652499999999998304e-01
5.510000000000003784e-01,9.648560999999998833e-01
5.520000000000003793e-01,9.644543999999998229e-01
5.530000000000003801e-01,9.640448999999998714e-01
5.540000000000003810e-01,9.636275999999998065e-01
5.550000000000003819e-01,9.632024999999998505e-01
5.560000000000003828e-01,9.627695999999997811e-01
5.570000000000003837e-01,9.623288999999997095e-01
5.580000000000003846e-01,9.618803999999998577e-01
5.590000000000003855e-01,9.614240999999996706e-01
5.600000000000003864e-01,9.609599999999998143e-01
5.610000000000003872e-01,9.604880999999997337e-01
5.620000000000003881e-01,9.600083999999997619e-01
5.630000000000003890e-01,9.595208999999996768e-01
5.640000000000003899e-01,9.590255999999998116e-01
5.650000000000003908e-01,9.585224999999997220e-01
5.660000000000003917e-01,9.580115999999998522e-01
5.670000000000003926e-01,9.574928999999997581e-01
5.680000000000003935e-01,9.569663999999997728e-01
5.690000000000003944e-01,9.564320999999997852e-01
5.700000000000003952e-01,9.558899999999997954e-01
5.710000000000003961e-01,9.553400999999996923e-01
5.720000000000003970e-01,9.547823999999998090e-01
5.730000000000003979e-01,9.542168999999997014e-01
5.740000000000003988e-01,9.536435999999998137e-01
5.750000000000003997e-01,9.530624999999997016e-01
5.760000000000004006e-01,9.524735999999998093e-01
5.770000000000004015e-01,9.518768999999996927e-01
5.780000000000004023e-01,9.512723999999996849e-01
5.790000000000004032e-01,9.506600999999997859e-01
5.800000000000004041e-01,9.500399999999996625e-01
5.810000000000004050e-01,9.494120999999997590e-01
5.820000000000004059e-01,9.487763999999996312e-01
5.830000000000004068e-01,9.481328999999997231e-01
5.840000000000004077e-01,9.474815999999997018e-01
5.850000000000004086e-01,9.468224999999997893e-01
5.860000000000004095e-01,9.461555999999996525e-01
5.870000000000004103e-01,9.454808999999997354e-01
5.880000000000004112e-01,9.447983999999997051e-01
5.890000000000004121e-01,9.441080999999997836e-01
5.900000000000004130e-01,9.434099999999996378e-01
5.910000000000004139e-01,9.427040999999997117e-01
5.920000000000004148e-01,9.419903999999996724e-01
5.930000000000004157e-01,9.412688999999997419e-01
5.940000000000004166e-01,9.405395999999996981e-01
5.950000000000004174e-01,9.398024999999997631e-01
5.960000000000004183e-01,9.390575999999997148e-01
5.970000000000004192e-01,9.383048999999995532e-01
5.980000000000004201e-01,9.375443999999996114e-01
5.990000000000004210e-01,9.367760999999995564e-01
6.000000000000004219e-01,9.359999999999997211e-01
6.010000000000004228e-01,9.352160999999995505e-01
6.020000000000004237e-01,9.344243999999997108e-01
6.030000000000004245e-01,9.336248999999995357e-01
6.040000000000004254e-01,9.328175999999996915e-01
6.050000000000004263e-01,9.320024999999996229e-01
6.060000000000004272e-01,9.311795999999996631e-01
6.070000000000004281e-01,9.303488999999995901e-01
6.080000000000004290e-01,9.295103999999996258e-01
6.090000000000004299e-01,9.286640999999995483e-01
6.100000000000004308e-01,9.278099999999996905e-01
6.110000000000004317e-01,9.269480999999996085e-01
6.120000000000004325e-01,9.260783999999996352e-01
6.130000000000004334e-01,9.252008999999995487e-01
6.140000000000004343e-01,9.243155999999996819e-01
6.150000000000004352e-01,9.234224999999995909e-01
6.160000000000004361e-01,9.225215999999997196e-01
6.170000000000004370e-01,9.216128999999996241e-01
6.180000000000004379e-01,9.206963999999995263e-01
6.190000000000004388e-01,9.197720999999995373e-01
6.200000000000004396e-01,9.188399999999995460e-01
6.210000000000004405e-01,9.179000999999995525e-01
6.220000000000004414e-01,9.169523999999994457e-01
6.230000000000004423e-01,9.159968999999995587e-01
6.240000000000004432e-01,9.150335999999994474e-01
6.250000000000004441e-01,9.140624999999995559e-01
6.260000000000004450e-01,9.130835999999995511e-01
6.270000000000004459e-01,9.120968999999995441e-01
6.280000000000004468e-01,9.111023999999995349e-01
6.290000000000004476e-01,9.101000999999996344e-01
6.300000000000004485e-01,9.090899999999995096e-01
6.310000000000004494e-01,9.080720999999996046e-01
6.320000000000004503e-01,9.070463999999994753e-01
6.330000000000004512e-01,9.060128999999995658e-01
6.340000000000004521e-01,9.049715999999995431e-01
6.350000000000004530e-01,9.039224999999996291e-01
6.360000000000004539e-01,9.028655999999994908e-01
6.370000000000004547e-01,9.018008999999994613e-01
6.380000000000004556e-01,9.007283999999995405e-01
6.390000000000004565e-01,8.996480999999993955e-01
6.400000000000004574e-01,8.985599999999994703e-01
6.410000000000004583e-01,8.974640999999994317e-01
6.420000000000004592e-01,8.963603999999995020e-01
6.430000000000004601e-01,8.952488999999994590e-01
6.440000000000004610e-01,8.941295999999995248e-01
6.450000000000004619e-01,8.930024999999993662e-01
6.460000000000004627e-01,8.918675999999995385e-01
6.470000000000004636e-01,8.907248999999993755e-01
6.480000000000004645e-01,8.895743999999995433e-01
6.490000000000004654e-01,8.884160999999993757e-01
6.500000000000004663e-01,8.872499999999995390e-01
6.510000000000004672e-01,8.860760999999993670e-01
6.520000000000004681e-01,8.848943999999995258e-01
6.530000000000004690e-01,8.837048999999994603e-01
6.540000000000004698e-01,8.825075999999995036e-01
6.550000000000004707e-01,8.813024999999994336e-01
6.560000000000004716e-01,8.800895999999993613e-01
6.570000000000004725e-01,8.788688999999993978e-01
6.580000000000004734e-01,8.776403999999993211e-01
6.590000000000004743e-01,8.764040999999993531e-01
6.600000000000004752e-01,8.751599999999993829e-01
6.610000000000004761e-01,8.739080999999994104e-01
6.620000000000004770e-01,8.726483999999993246e-01
6.630000000000004778e-01,8.713808999999993476e-01
6.640000000000004787e-01,8.701055999999993684e-01
6.650000000000004796e-01,8.688224999999993869e-01
6.660000000000004805e-01,8.675315999999992922e-01
6.670000000000004814e-01,8.662328999999994172e-01
6.680000000000004823e-01,8.649263999999993180e-01
6.690000000000004832e-01,8.636120999999994385e-01
6.700000000000004841e-01,8.622899999999993348e-01
6.710000000000004849e-01,8.609600999999993398e-01
6.720000000000004858e-01,8.596223999999993426e-01
6.730000000000004867e-01,8.582768999999993431e-01
6.740000000000004876e-01,8.569235999999993414e-01
6.750000000000004885e-01,8.555624999999993374e-01
6.760000000000004894e-01,8.541935999999993312e-01
6.770000000000004903e-01,8.528168999999992117e-01
6.780000000000004912e-01,8.514323999999993120e-01
6.790000000000004921e-01,8.500400999999991880e-01
6.800000000000004929e-01,8.486399999999992838e-01
6.810000000000004938e-01,8.472320999999992663e-01
6.820000000000004947e-01,8.458163999999992466e-01
6.830000000000004956e-01,8.443928999999992246e-01
6.840000000000004965e-01,8.429615999999993114e-01
6.850000000000004974e-01,8.415224999999991740e-01
6.860000000000004983e-01,8.400755999999992563e-01
6.870000000000004992e-01,8.386208999999992253e-01
6.880000000000005000e-01,8.371583999999993031e-01
6.890000000000005009e-01,8.356880999999992676e-01
6.900000000000005018e-01,8.342099999999993409e-01
6.910000000000005027e-01,8.327240999999991899e-01
6.920000000000005036e-01,8.312303999999992588e-01
6.930000000000005045e-01,8.297288999999992143e-01
6.940000000000005054e-01,8.282195999999992786e-01
6.950000000000005063e-01,8.267024999999992296e-01
6.960000000000005071e-01,8.251775999999991784e-01
6.970000000000005080e-01,8.236448999999992360e-01
6.980000000000005089e-01,8.221043999999991803e-01
6.990000000000005098e-01,8.205560999999992333e-01
7.000000000000005107e-01,8.189999999999991731e-01
7.010000000000005116e-01,8.174360999999992217e-01
7.020000000000005125e-01,8.158643999999991570e-01
7.030000000000005134e-01,8.142848999999992010e-01
7.040000000000005143e-01,8.126975999999991318e-01
7.050000000000005151e-01,8.111024999999991714e-01
7.060000000000005160e-01,8.094995999999990977e-01
7.070000000000005169e-01,8.078888999999991327e-01
7.080000000000005178e-01,8.062703999999991655e-01
7.090000000000005187e-01,8.046440999999991961e-01
7.100000000000005196e-01,8.030099999999991134e-01
7.110000000000005205e-01,8.013680999999991394e-01
7.120000000000005214e-01,7.997183999999991633e-01
7.130000000000005222e-01,7.980608999999991848e-01
7.140000000000005231e-01,7.963955999999990931e-01
7.150000000000005240e-01,7.947224999999991102e-01
7.160000000000005249e-01,7.930415999999991250e-01
7.170000000000005258e-01,7.913528999999990265e-01
7.180000000000005267e-01,7.896563999999991479e-01
7.190000000000005276e-01,7.879520999999990449e-01
7.200000000000005285e-01,7.862399999999990508e-01
7.210000000000005294e-01,7.845200999999990543e-01
7.220000000000005302e-01,7.827923999999990556e-01
7.230000000000005311e-01,7.810568999999990547e-01
7.240000000000005320e-01,7.793135999999990515e-01
7.250000000000005329e-01,7.775624999999990461e-01
7.260000000000005338e-01,7.758035999999990384e-01
7.270000000000005347e-01,7.740368999999990285e-01
7.280000000000005356e-01,7.722623999999990163e-01
7.290000000000005365e-01,7.704800999999990019e-01
7.300000000000005373e-01,7.686899999999990962e-01
7.310000000000005382e-01,7.668920999999989663e-01
7.320000000000005391e-01,7.650863999999990561e-01
7.330000000000005400e-01,7.632728999999990327e-01
7.340000000000005409e-01,7.614515999999990070e-01
7.350000000000005418e-01,7.596224999999989791e-01
7.360000000000005427e-01,7.577855999999989489e-01
7.370000000000005436e-01,7.559408999999990275e-01
7.380000000000005445e-01,7.540883999999988818e-01
7.390000000000005453e-01,7.522280999999989559e-01
7.400000000000005462e-01,7.503599999999989167e-01
7.410000000000005471e-01,7.484840999999989863e-01
7.420000000000005480e-01,7.466003999999989427e-01
7.430000000000005489e-01,7.447088999999990078e-01
7.440000000000005498e-01,7.428095999999989596e-01
7.450000000000005507e-01,7.409024999999989092e-01
7.460000000000005516e-01,7.389875999999988565e-01
7.470000000000005524e-01,7.370648999999989126e-01
7.480000000000005533e-01,7.351343999999988554e-01
7.490000000000005542e-01,7.331960999999989070e-01
7.500000000000005551e-01,7.312499999999988454e-01
7.510000000000005560e-01,7.292960999999988925e-01
7.520000000000005569e-01,7.273343999999988263e-01
7.530000000000005578e-01,7.253648999999989799e-01
7.540000000000005587e-01,7.233875999999989093e-01
7.550000000000005596e-01,7.214024999999988363e-01
7.560000000000005604e-01,7.194095999999988722e-01
7.570000000000005613e-01,7.174088999999987948e-01
7.580000000000005622e-01,7.154003999999988261e-01
7.590000000000005631e-01,7.133840999999988552e-01
7.600000000000005640e-01,7.113599999999988821e-01
7.610000000000005649e-01,7.093280999999987957e-01
7.620000000000005658e-01,7.072883999999988180e-01
7.630000000000005667e-01,7.052408999999988382e-01
7.640000000000005675e-01,7.031855999999988560e-01
7.650000000000005684e-01,7.011224999999987606e-01
7.660000000000005693e-01,6.990515999999988850e-01
7.670000000000005702e-01,6.969728999999987851e-01
7.680000000000005711e-01,6.948863999999987939e-01
7.690000000000005720e-01,6.927920999999988005e-01
7.700000000000005729e-01,6.906899999999988049e-01
7.710000000000005738e-01,6.885800999999988070e-01
7.720000000000005747e-01,6.864623999999988069e-01
7.730000000000005755e-01,6.843368999999988045e-01
7.740000000000005764e-01,6.822035999999987999e-01
7.750000000000005773e-01,6.800624999999987930e-01
7.760000000000005782e-01,6.779135999999986728e-01
7.770000000000005791e-01,6.757568999999987724e-01
7.780000000000005800e-01,6.735923999999986478e-01
7.790000000000005809e-01,6.714200999999987429e-01
7.800000000000005818e-01,6.692399999999987248e-01
7.810000000000005826e-01,6.670520999999987044e-01
7.820000000000005835e-01,6.648563999999986818e-01
7.830000000000005844e-01,6.626528999999987679e-01
7.840000000000005853e-01,6.604415999999986298e-01
7.850000000000005862e-01,6.582224999999987114e-01
7.860000000000005871e-01,6.559955999999986798e-01
7.870000000000005880e-01,6.537608999999986459e-01
7.880000000000005889e-01,6.515183999999986098e-01
7.890000000000005898e-01,6.492680999999986824e-01
7.900000000000005906e-01,6.470099999999986418e-01
7.910000000000005915e-01,6.447440999999987099e-01
7.920000000000005924e-01,6.424703999999986648e-01
7.930000000000005933e-01,6.401888999999986174e-01
7.940000000000005942e-01,6.378995999999985678e-01
7.950000000000005951e-01,6.356024999999986269e-01
7.960000000000005960e-01,6.332975999999985728e-01
7.970000000000005969e-01,6.309848999999985164e-01
7.980000000000005977e-01,6.286643999999985688e-01
7.990000000000005986e-01,6.263360999999985079e-01
8.000000000000005995e-01,6.239999999999985558e-01
8.010000000000006004e-01,6.216560999999986015e-01
8.020000000000006013e-01,6.193043999999985338e-01
8.030000000000006022e-01,6.169448999999985750e-01
8.040000000000006031e-01,6.145775999999986139e-01
8.050000000000006040e-01,6.122024999999985395e-01
8.060000000000006048e-01,6.098195999999985739e-01
8.070000000000006057e-01,6.074288999999984950e-01
8.080000000000006066e-01,6.050303999999985249e-01
8.090000000000006075e-01,6.026240999999985526e-01
8.100000000000006084e-01,6.002099999999985780e-01
8.110000000000006093e-01,5.977880999999984901e-01
8.120000000000006102e-01,5.953583999999985110e-01
8.130000000000006111e-01,5.929208999999985297e-01
8.140000000000006120e-01,5.904755999999985461e-01
8.150000000000006128e-01,5.880224999999984492e-01
8.160000000000006137e-01,5.855615999999984611e-01
8.170000000000006146e-01,5.830928999999984708e-01
8.180000000000006155e-01,5.806163999999984782e-01
8.190000000000006164e-01,5.781320999999984833e-01
8.200000000000006173e-01,5.756399999999983752e-01
8.210000000000006182e-01,5.731400999999984869e-01
8.220000000000006191e-01,5.706323999999983743e-01
8.230000000000006199e-01,5.681168999999984814e-01
8.240000000000006208e-01,5.655935999999983643e-01
8.250000000000006217e-01,5.630624999999984670e-01
8.260000000000006226e-01,5.605235999999983454e-01
8.270000000000006235e-01,5.579768999999984436e-01
8.280000000000006244e-01,5.554223999999984285e-01
8.290000000000006253e-01,5.528600999999984111e-01
8.300000000000006262e-01,5.502899999999983915e-01
8.310000000000006271e-01,5.477120999999983697e-01
8.320000000000006279e-01,5.451263999999983456e-01
8.330000000000006288e-01,5.425328999999984303e-01
8.340000000000006297e-01,5.399315999999984017e-01
8.350000000000006306e-01,5.373224999999982598e-01
8.360000000000006315e-01,5.347055999999983378e-01
8.370000000000006324e-01,5.320808999999983024e-01
8.380000000000006333e-01,5.294483999999983759e-01
8.390000000000006342e-01,5.268080999999983360e-01
8.400000000000006350e-01,5.241599999999982940e-01
8.410000000000006359e-01,5.215040999999982496e-01
8.420000000000006368e-01,5.188403999999983141e-01
8.430000000000006377e-01,5.161688999999982652e-01
8.440000000000006386e-01,5.134895999999983252e-01
8.450000000000006395e-01,5.108024999999982718e-01
8.460000000000006404e-01,5.081075999999983273e-01
8.470000000000006413e-01,5.054048999999982694e-01
8.480000000000006422e-01,5.026943999999983204e-01
8.490000000000006430e-01,4.999760999999982025e-01
8.500000000000006439e-01,4.972499999999982490e-01
8.510000000000006448e-01,4.945160999999982376e-01
8.520000000000006457e-01,4.917743999999982241e-01
8.530000000000006466e-01,4.890248999999982082e-01
8.540000000000006475e-01,4.862675999999982457e-01
8.550000000000006484e-01,4.835024999999981699e-01
8.560000000000006493e-01,4.807295999999981473e-01
8.570000000000006501e-01,4.779488999999981780e-01
8.580000000000006510e-01,4.751603999999981509e-01
8.590000000000006519e-01,4.723640999999981771e-01
8.600000000000006528e-01,4.695599999999981455e-01
8.610000000000006537e-01,4.667480999999981672e-01
8.620000000000006546e-01,4.639283999999981312e-01
8.630000000000006555e-01,4.611008999999981484e-01
8.640000000000006564e-01,4.582655999999981078e-01
8.650000000000006573e-01,4.554224999999981205e-01
8.660000000000006581e-01,4.525715999999980754e-01
8.670000000000006590e-01,4.497128999999981391e-01
8.680000000000006599e-01,4.468463999999980896e-01
8.690000000000006608e-01,4.439720999999980933e-01
8.700000000000006617e-01,4.410899999999980947e-01
8.710000000000006626e-01,4.382000999999980939e-01
8.720000000000006635e-01,4.353023999999980354e-01
8.730000000000006644e-01,4.323968999999980856e-01
8.740000000000006652e-01,4.294835999999980225e-01
8.750000000000006661e-01,4.265624999999980127e-01
8.760000000000006670e-01,4.236335999999980562e-01
8.770000000000006679e-01,4.206968999999979864e-01
8.780000000000006688e-01,4.177523999999980253e-01
8.790000000000006697e-01,4.148000999999980065e-01
8.800000000000006706e-01,4.118399999999979855e-01
8.810000000000006715e-01,4.088720999999979622e-01
8.820000000000006724e-01,4.058963999999979921e-01
8.830000000000006732e-01,4.029128999999979643e-01
8.840000000000006741e-01,3.999215999999979898e-01
8.850000000000006750e-01,3.969224999999979575e-01
8.860000000000006759e-01,3.939155999999979785e-01
8.870000000000006768e-01,3.909008999999979417e-01
8.880000000000006777e-01,3.878783999999979581e-01
8.890000000000006786e-01,3.848480999999979169e-01
8.900000000000006795e-01,3.818099999999979288e-01
8.910000000000006803e-01,3.787640999999979385e-01
8.920000000000006812e-01,3.757103999999979460e-01
8.930000000000006821e-01,3.726488999999978957e-01
8.940000000000006830e-01,3.695795999999978432e-01
8.950000000000006839e-01,3.665024999999978994e-01
8.960000000000006848e-01,3.634175999999978424e-01
8.970000000000006857e-01,3.603248999999978941e-01
8.980000000000006866e-01,3.572243999999978326e-01
8.990000000000006875e-01,3.541160999999978798e-01
9.000000000000006883e-01,3.509999999999978137e-01
9.010000000000006892e-01,3.478760999999978565e-01
9.020000000000006901e-01,3.447443999999978415e-01
9.030000000000006910e-01,3.416048999999978242e-01
9.040000000000006919e-01,3.384575999999978047e-01
9.050000000000006928e-01,3.353024999999978384e-01
9.060000000000006937e-01,3.321395999999978144e-01
9.070000000000006946e-01,3.289688999999977881e-01
9.080000000000006954e-01,3.257903999999977596e-01
9.090000000000006963e-01,3.226040999999977843e-01
9.100000000000006972e-01,3.194099999999977513e-01
9.110000000000006981e-01,3.162080999999977715e-01
9.120000000000006990e-01,3.129983999999977340e-01
9.130000000000006999e-01,3.097808999999977497e-01
9.140000000000007008e-01,3.065555999999977077e-01
9.150000000000007017e-01,3.033224999999977189e-01
9.160000000000007025e-01,3.000815999999977279e-01
9.170000000000007034e-01,2.968328999999976792e-01
9.180000000000007043e-01,2.935763999999976837e-01
9.190000000000007052e-01,2.903120999999976859e-01
9.200000000000007061e-01,2.870399999999976859e-01
9.210000000000007070e-01,2.837600999999976836e-01
9.220000000000007079e-01,2.804723999999976791e-01
9.230000000000007088e-01,2.771768999999976724e-01
9.240000000000007097e-01,2.738735999999976634e-01
9.250000000000007105e-01,2.705624999999976521e-01
9.260000000000007114e-01,2.672435999999976386e-01
9.270000000000007123e-01,2.639168999999976228e-01
9.280000000000007132e-01,2.605823999999976048e-01
9.290000000000007141e-01,2.572400999999975846e-01
9.300000000000007150e-01,2.538899999999976176e-01
9.310000000000007159e-01,2.505320999999975928e-01
9.320000000000007168e-01,2.471663999999975936e-01
9.330000000000007176e-01,2.437928999999975643e-01
9.340000000000007185e-01,2.404115999999975606e-01
9.350000000000007194e-01,2.370224999999975546e-01
9.360000000000007203e-01,2.336255999999975463e-01
9.370000000000007212e-01,2.302208999999975358e-01
9.380000000000007221e-01,2.268083999999975231e-01
9.390000000000007230e-01,2.233880999999975359e-01
9.400000000000007239e-01,2.199599999999974909e-01
9.410000000000007248e-01,2.165240999999974991e-01
9.420000000000007256e-01,2.130803999999974774e-01
9.430000000000007265e-01,2.096288999999974811e-01
9.440000000000007274e-01,2.061695999999974827e-01
9.450000000000007283e-01,2.027024999999974819e-01
9.460000000000007292e-01,1.992275999999974512e-01
9.470000000000007301e-01,1.957448999999974459e-01
9.480000000000007310e-01,1.922543999999974385e-01
9.490000000000007319e-01,1.887560999999974287e-01
9.500000000000007327e-01,1.852499999999974167e-01
9.510000000000007336e-01,1.817360999999974303e-01
9.520000000000007345e-01,1.782143999999974138e-01
9.530000000000007354e-01,1.746848999999973950e-01
9.540000000000007363e-01,1.711475999999974018e-01
9.550000000000007372e-01,1.676024999999973786e-01
9.560000000000007381e-01,1.640495999999973809e-01
9.570000000000007390e-01,1.604888999999973531e-01
9.580000000000007399e-01,1.569203999999973509e-01
9.590000000000007407e-01,1.533440999999973464e-01
9.600000000000007416e-01,1.497599999999973397e-01
9.610000000000007425e-01,1.461680999999973307e-01
9.620000000000007434e-01,1.425683999999973195e-01
9.630000000000007443e-01,1.389608999999973060e-01
9.640000000000007452e-01,1.353455999999973181e-01
9.650000000000007461e-01,1.317224999999973001e-01
9.660000000000007470e-01,1.280915999999972799e-01
9.670000000000007478e-01,1.244528999999972713e-01
9.680000000000007487e-01,1.208063999999972743e-01
9.690000000000007496e-01,1.171520999999972473e-01
9.700000000000007505e-01,1.134899999999972459e-01
9.710000000000007514e-01,1.098200999999972421e-01
9.720000000000007523e-01,1.061423999999972362e-01
9.730000000000007532e-01,1.024568999999972141e-01
9.740000000000007541e-01,9.876359999999720363e-02
9.750000000000007550e-01,9.506249999999720479e-02
9.760000000000007558e-01,9.135359999999718983e-02
9.770000000000007567e-01,8.763689999999718649e-02
9.780000000000007576e-01,8.391239999999716703e-02
9.790000000000007585e-01,8.018009999999715920e-02
9.800000000000007594e-01,7.643999999999714912e-02
9.810000000000007603e-01,7.269209999999715066e-02
9.820000000000007612e-01,6.893639999999713608e-02
9.830000000000007621e-01,6.517289999999713312e-02
9.840000000000007629e-01,6.140159999999711404e-02
9.850000000000007638e-01,5.762249999999711353e-02
9.860000000000007647e-01,5.383559999999709689e-02
9.870000000000007656e-01,5.004089999999709187e-02
9.880000000000007665e-01,4.623839999999707767e-02
9.890000000000007674e-01,4.242809999999707510e-02
9.900000000000007683e-01,3.860999999999706334e-02
9.910000000000007692e-01,3.478409999999705626e-02
9.920000000000007701e-01,3.095039999999704347e-02
9.930000000000007709e-01,2.710889999999703537e-02
9.940000000000007718e-01,2.325959999999702502e-02
9.950000000000007727e-01,1.940249999999701588e-02
9.960000000000007736e-01,1.553759999999700624e-02
9.970000000000007745e-01,1.166489999999699607e-02
9.980000000000007754e-01,7.784399999996988000e-03
9.990000000000007763e-01,3.896099999996978543e-03
