t,RCoutput
0.000000000000000000e+00,-3.266856799206845352e-01
1.000000000000000000e+00,5.240995207966623326e-01
2.000000000000000000e+00,4.784032518017853342e-01
3.000000000000000000e+00,7.888909243399702120e-01
4.000000000000000000e+00,2.243662993148669571e-01
5.000000000000000000e+00,1.196130326034325897e+00
6.000000000000000000e+00,-8.811234419027345055e-01
7.000000000000000000e+00,2.213563914601071048e-01
8.000000000000000000e+00,7.130301312626619037e-01
9.000000000000000000e+00,3.726375387462925737e-01
1.000000000000000000e+01,1.024879067243421815e+00
1.100000000000000000e+01,-3.850997249806238365e-01
1.200000000000000000e+01,1.085849142088648023e+00
1.300000000000000000e+01,-8.230589030460584432e-01
1.400000000000000000e+01,3.754381436350335832e-01
1.500000000000000000e+01,5.683449706942953483e-01
1.600000000000000000e+01,6.636721133443563847e-01
1.700000000000000000e+01,5.677510110243506603e-01
1.800000000000000000e+01,7.377877057874151490e-01
1.900000000000000000e+01,3.648237919605952229e-01
2.000000000000000000e+01,1.046681121916966717e+00
2.100000000000000000e+01,-4.477387963705847795e-01
2.200000000000000000e+01,1.036836944732177912e+00
2.300000000000000000e+01,-6.626642561950846222e-01
2.400000000000000000e+01,6.595736288653331059e-01
2.500000000000000000e+01,2.057117173144278333e-01
2.600000000000000000e+01,1.125407312852876984e+00
2.700000000000000000e+01,-7.490202163040189376e-01
2.800000000000000000e+01,5.304365819814087502e-01
2.900000000000000000e+01,3.931207696695957488e-01
3.000000000000000000e+01,9.409349908526252193e-01
3.100000000000000000e+01,-1.075553015701204984e-01
3.200000000000000000e+01,1.261377343927359007e+00
3.300000000000000000e+01,-1.241781734335986265e+00
3.400000000000000000e+01,-7.912019678881279106e-01
3.500000000000000000e+01,-2.561640559329054767e-01
3.600000000000000000e+01,6.809204401471058432e-01
3.700000000000000000e+01,2.894475974402563878e-01
3.800000000000000000e+01,1.083047698387345825e+00
3.900000000000000000e+01,-5.624461157676599043e-01
4.000000000000000000e+01,8.584862241454036536e-01
4.100000000000000000e+01,-2.479001880031534988e-01
4.200000000000000000e+01,1.201312754110455572e+00
4.300000000000000000e+01,-9.912516802434092611e-01
4.400000000000000000e+01,-9.726353600182147119e-02
4.500000000000000000e+01,7.302114560519323838e-01
4.600000000000000000e+01,2.904836948448195066e-01
4.700000000000000000e+01,1.123308129457095461e+00
4.800000000000000000e+01,-6.790582314877431358e-01
4.900000000000000000e+01,6.234452695198395844e-01
5.000000000000000000e+01,2.248008016765341566e-01
5.100000000000000000e+01,1.124724218861382852e+00
5.200000000000000000e+01,-5.984634979626735074e-01
5.300000000000000000e+01,8.172106405179242472e-01
5.400000000000000000e+01,-1.127647057927085861e-01
5.500000000000000000e+01,1.273770558117574225e+00
5.600000000000000000e+01,-1.215583519902285303e+00
5.700000000000000000e+01,-7.220680496009777016e-01
5.800000000000000000e+01,-6.480037994485421393e-02
5.900000000000000000e+01,7.200935834879045316e-01
6.000000000000000000e+01,1.962937087135356862e-01
6.100000000000000000e+01,1.192250270713654192e+00
6.200000000000000000e+01,-8.457128919114396126e-01
6.300000000000000000e+01,2.818258093490175753e-01
6.400000000000000000e+01,7.092873594924160585e-01
6.500000000000000000e+01,4.314954830647415029e-01
6.600000000000000000e+01,1.040924388310333626e+00
6.700000000000000000e+01,-3.214995669469740136e-01
6.800000000000000000e+01,1.092104592560243503e+00
6.900000000000000000e+01,-8.624150919226103440e-01
7.000000000000000000e+01,3.597865009094860511e-01
7.100000000000000000e+01,6.300020276163880162e-01
7.200000000000000000e+01,5.380605947805801037e-01
7.300000000000000000e+01,7.682426046208750137e-01
7.400000000000000000e+01,2.741142658373982854e-01
7.500000000000000000e+01,1.111394703776939608e+00
7.600000000000000000e+01,-6.778027858403090633e-01
7.700000000000000000e+01,7.257359895106869629e-01
7.800000000000000000e+01,6.982490201123026097e-02
7.900000000000000000e+01,1.219403477804033464e+00
8.000000000000000000e+01,-1.040306579795253317e+00
8.100000000000000000e+01,-1.864469106495949546e-01
8.200000000000000000e+01,6.231920016944076934e-01
8.300000000000000000e+01,4.224385924722071639e-01
8.400000000000000000e+01,9.274648113855477050e-01
8.500000000000000000e+01,-5.557641158492021560e-02
8.600000000000000000e+01,1.273769937548697051e+00
8.700000000000000000e+01,-1.244697508694207144e+00
8.800000000000000000e+01,-8.014291815945586706e-01
8.900000000000000000e+01,-2.941146001337546778e-01
9.000000000000000000e+01,6.697373341966867955e-01
9.100000000000000000e+01,3.307634926243316897e-01
9.200000000000000000e+01,1.075070538075077575e+00
9.300000000000000000e+01,-4.530196464814837398e-01
9.400000000000000000e+01,9.951204308887078298e-01
9.500000000000000000e+01,-5.715483091344659705e-01
9.600000000000000000e+01,8.774863109515349535e-01
9.700000000000000000e+01,-2.319545677635175274e-01
9.800000000000000000e+01,1.180856963275200400e+00
9.900000000000000000e+01,-1.007535713693449519e+00
1.000000000000000000e+02,-6.578253363538877352e-02
1.010000000000000000e+02,6.980536185247330216e-01
1.020000000000000000e+02,3.547663303591077621e-01
1.030000000000000000e+02,1.094068411261403639e+00
1.040000000000000000e+02,-4.900127657195847419e-01
1.050000000000000000e+02,9.178456257477893843e-01
1.060000000000000000e+02,-3.617462912605762249e-01
1.070000000000000000e+02,1.180945926148212699e+00
1.080000000000000000e+02,-9.322599184077993151e-01
1.090000000000000000e+02,2.049220232762927196e-02
1.100000000000000000e+02,7.139007088574591542e-01
1.110000000000000000e+02,3.227650236155216179e-01
1.120000000000000000e+02,1.094609238605147361e+00
1.130000000000000000e+02,-5.806159983459902030e-01
1.140000000000000000e+02,8.058776958823372638e-01
1.150000000000000000e+02,-1.042048438029472557e-01
1.160000000000000000e+02,1.292118264419167772e+00
1.170000000000000000e+02,-1.196557489799666474e+00
1.180000000000000000e+02,-6.425242912699111741e-01
1.190000000000000000e+02,1.160055413252614187e-01
1.200000000000000000e+02,7.927001053789508589e-01
1.210000000000000000e+02,2.074201140192541981e-01
1.220000000000000000e+02,1.235860906525321212e+00
1.230000000000000000e+02,-9.210492150641096387e-01
1.240000000000000000e+02,1.581987508178528401e-02
1.250000000000000000e+02,8.172721166063920961e-01
1.260000000000000000e+02,1.739539204246280946e-01
1.270000000000000000e+02,1.276208231641116964e+00
1.280000000000000000e+02,-1.068559492781233189e+00
1.290000000000000000e+02,-2.384009403378524183e-01
1.300000000000000000e+02,7.276937903947233721e-01
1.310000000000000000e+02,1.602835729704712442e-01
1.320000000000000000e+02,1.128904461984571839e+00
1.330000000000000000e+02,-7.592237809276727312e-01
1.340000000000000000e+02,5.304843237679541801e-01
1.350000000000000000e+02,4.535302991194698485e-01
1.360000000000000000e+02,7.737106091597549806e-01
1.370000000000000000e+02,2.277277803312038884e-01
1.380000000000000000e+02,1.219023015717262126e+00
1.390000000000000000e+02,-9.209373683393531351e-01
1.400000000000000000e+02,9.124741087925514194e-02
1.410000000000000000e+02,7.525984969584595952e-01
1.420000000000000000e+02,2.513941418021689023e-01
1.430000000000000000e+02,1.135923687681948735e+00
1.440000000000000000e+02,-7.462208638947105399e-01
1.450000000000000000e+02,5.185733773247189760e-01
1.460000000000000000e+02,4.100435520607312867e-01
1.470000000000000000e+02,8.594409507637834622e-01
1.480000000000000000e+02,8.444167698115911946e-02
1.490000000000000000e+02,1.329930001656101979e+00
1.500000000000000000e+02,-1.281700652777846727e+00
1.510000000000000000e+02,-9.962815768553721085e-01
1.520000000000000000e+02,-7.130384280874917380e-01
1.530000000000000000e+02,-7.873367091519867245e-04
1.540000000000000000e+02,8.441111571040575967e-01
1.550000000000000000e+02,7.495049216493310240e-02
1.560000000000000000e+02,1.294807752308479110e+00
1.570000000000000000e+02,-1.189577874894844456e+00
1.580000000000000000e+02,-2.940829247585696749e-01
1.590000000000000000e+02,6.553838588873563964e-01
1.600000000000000000e+02,5.307285354620425721e-01
1.610000000000000000e+02,9.909292770918249893e-01
1.620000000000000000e+02,-6.921095005409361178e-02
1.630000000000000000e+02,1.140258411433739738e+00
1.640000000000000000e+02,-1.054597469843635338e+00
1.650000000000000000e+02,-8.328469551006634219e-02
1.660000000000000000e+02,6.764650076329412620e-01
1.670000000000000000e+02,3.273181556133217818e-01
1.680000000000000000e+02,1.054078337322930992e+00
1.690000000000000000e+02,-4.752302054833883460e-01
1.700000000000000000e+02,9.966763377089584708e-01
1.710000000000000000e+02,-5.372509982980275822e-01
1.720000000000000000e+02,8.657218571655320716e-01
1.730000000000000000e+02,-2.033388899483932200e-01
1.740000000000000000e+02,1.251935929297443906e+00
1.750000000000000000e+02,-1.166108068402595510e+00
1.760000000000000000e+02,-5.889136729820041438e-01
1.770000000000000000e+02,2.270032817869997999e-01
1.780000000000000000e+02,7.113171702781881933e-01
1.790000000000000000e+02,3.226744980971194554e-01
1.800000000000000000e+02,1.061140615445818725e+00
1.810000000000000000e+02,-4.373084721286537579e-01
1.820000000000000000e+02,9.748548725474357468e-01
1.830000000000000000e+02,-5.253689786784656590e-01
1.840000000000000000e+02,9.776302766872397854e-01
1.850000000000000000e+02,-4.154760166117998921e-01
1.860000000000000000e+02,1.026391635784780654e+00
1.870000000000000000e+02,-6.541739280226401831e-01
1.880000000000000000e+02,7.355315419079548889e-01
1.890000000000000000e+02,-9.022319812053147814e-04
1.900000000000000000e+02,1.216569593262246229e+00
1.910000000000000000e+02,-1.018650499343285887e+00
1.920000000000000000e+02,-1.304453665418172648e-01
1.930000000000000000e+02,6.930483640487459240e-01
1.940000000000000000e+02,2.824422537593114235e-01
1.950000000000000000e+02,1.071899910464288119e+00
1.960000000000000000e+02,-5.361613128917994686e-01
1.970000000000000000e+02,8.896473579323398440e-01
1.980000000000000000e+02,-2.910218114485112473e-01
1.990000000000000000e+02,1.188143477806308468e+00
2.000000000000000000e+02,-1.007073441521416424e+00
2.010000000000000000e+02,-1.097417681974182102e-01
2.020000000000000000e+02,6.834762683752142465e-01
2.030000000000000000e+02,3.360174375557998250e-01
2.040000000000000000e+02,1.065353422898688507e+00
2.050000000000000000e+02,-4.783839308883250929e-01
2.060000000000000000e+02,9.453448824305468179e-01
2.070000000000000000e+02,-4.649802963387836829e-01
2.080000000000000000e+02,1.057322781666297118e+00
2.090000000000000000e+02,-6.129839668026870747e-01
2.100000000000000000e+02,6.958486417141989122e-01
2.110000000000000000e+02,5.457706849541921201e-02
2.120000000000000000e+02,1.271943953285687101e+00
2.130000000000000000e+02,-1.067977558324141540e+00
2.140000000000000000e+02,-3.077111903183471497e-01
2.150000000000000000e+02,5.608699390624405368e-01
2.160000000000000000e+02,4.327882488482495127e-01
2.170000000000000000e+02,8.434495122127430022e-01
2.180000000000000000e+02,7.336542920552124869e-02
2.190000000000000000e+02,1.234806679975739563e+00
2.200000000000000000e+02,-1.131109507597585662e+00
2.210000000000000000e+02,-3.980581825362499160e-01
2.220000000000000000e+02,4.279809288969049774e-01
2.230000000000000000e+02,6.225261320860102643e-01
2.240000000000000000e+02,5.710303531949803002e-01
2.250000000000000000e+02,7.165244569636239902e-01
2.260000000000000000e+02,4.077509950840587649e-01
2.270000000000000000e+02,9.912732419167777920e-01
2.280000000000000000e+02,-2.652776072368210336e-01
2.290000000000000000e+02,1.227904415552009354e+00
2.300000000000000000e+02,-1.147680628740669562e+00
2.310000000000000000e+02,-5.841975227204176946e-01
2.320000000000000000e+02,1.009538211165654786e-01
2.330000000000000000e+02,8.439921080141932208e-01
2.340000000000000000e+02,1.606173771435381870e-01
2.350000000000000000e+02,1.301812586324341936e+00
2.360000000000000000e+02,-1.137127608379386423e+00
2.370000000000000000e+02,-5.172502483843040011e-01
2.380000000000000000e+02,3.156514788109738845e-01
2.390000000000000000e+02,6.355385000930748873e-01
2.400000000000000000e+02,4.251402675303124212e-01
2.410000000000000000e+02,8.230115697098265848e-01
2.420000000000000000e+02,1.227685007566141628e-01
2.430000000000000000e+02,1.209232905243599276e+00
2.440000000000000000e+02,-1.048970659757556767e+00
2.450000000000000000e+02,-2.034526847035742492e-01
2.460000000000000000e+02,6.434263696909332531e-01
2.470000000000000000e+02,3.676789750973150639e-01
2.480000000000000000e+02,1.012633774711472423e+00
2.490000000000000000e+02,-3.096054238040131246e-01
2.500000000000000000e+02,1.202903865025426455e+00
2.510000000000000000e+02,-1.084226940986948495e+00
2.520000000000000000e+02,-3.471749483680977022e-01
2.530000000000000000e+02,4.572591946803026275e-01
2.540000000000000000e+02,6.032954370861123294e-01
2.550000000000000000e+02,6.078448171858243931e-01
2.560000000000000000e+02,6.757627130216699030e-01
2.570000000000000000e+02,5.447667886598228648e-01
2.580000000000000000e+02,8.055457050271552788e-01
2.590000000000000000e+02,2.347492058290354677e-01
2.600000000000000000e+02,1.199222312851198069e+00
2.610000000000000000e+02,-9.122978790934945792e-01
2.620000000000000000e+02,1.520836951547330784e-01
2.630000000000000000e+02,7.415078716649152746e-01
2.640000000000000000e+02,2.262212358240576204e-01
2.650000000000000000e+02,1.077377879687255735e+00
2.660000000000000000e+02,-6.176270728306474389e-01
2.670000000000000000e+02,8.468842791407986681e-01
2.680000000000000000e+02,-1.151652131997917827e-01
2.690000000000000000e+02,1.172904516272739173e+00
2.700000000000000000e+02,-1.024797829714672481e+00
2.710000000000000000e+02,-3.806444359238625452e-02
2.720000000000000000e+02,6.776099424678903027e-01
2.730000000000000000e+02,3.722486173210612925e-01
2.740000000000000000e+02,1.046236987428257770e+00
2.750000000000000000e+02,-3.674030329057704769e-01
2.760000000000000000e+02,1.107520188013388918e+00
2.770000000000000000e+02,-8.348010215942971435e-01
2.780000000000000000e+02,3.573417882452147865e-01
2.790000000000000000e+02,6.106216154188794931e-01
2.800000000000000000e+02,5.804946500082799332e-01
2.810000000000000000e+02,7.286823696511417481e-01
2.820000000000000000e+02,4.348014102006585446e-01
2.830000000000000000e+02,9.353326168556161946e-01
2.840000000000000000e+02,-1.362744525542769480e-01
2.850000000000000000e+02,1.287246587926874852e+00
2.860000000000000000e+02,-1.329000551433748178e+00
2.870000000000000000e+02,-1.148008177413787578e+00
2.880000000000000000e+02,-1.046265506407613621e+00
2.890000000000000000e+02,-9.432293764462214014e-01
2.900000000000000000e+02,2.125530082081690253e-01
2.910000000000000000e+02,-1.127399464631206882e-01
2.920000000000000000e+02,-8.496672285530326718e-02
2.930000000000000000e+02,-1.084519195608067310e+00
2.940000000000000000e+02,5.413214794330123425e-01
2.950000000000000000e+02,-9.235484779750375850e-01
2.960000000000000000e+02,2.565167645638104510e-01
2.970000000000000000e+02,-1.282074628734322985e+00
2.980000000000000000e+02,1.090642420832256043e+00
2.990000000000000000e+02,4.306163952221133684e-01
3.000000000000000000e+02,-4.589216549656613964e-01
3.010000000000000000e+02,-4.765568853625419266e-01
3.020000000000000000e+02,-6.392060509191868078e-01
3.030000000000000000e+02,-3.255156721255607621e-01
3.040000000000000000e+02,-9.719376544388920180e-01
3.050000000000000000e+02,3.122312714930020050e-01
3.060000000000000000e+02,-1.264481628919499556e+00
3.070000000000000000e+02,1.146165908584569237e+00
3.080000000000000000e+02,5.637296169610461760e-01
3.090000000000000000e+02,-2.389697615670836051e-01
3.100000000000000000e+02,-7.448332256224201586e-01
3.110000000000000000e+02,-3.158633452305983358e-01
3.120000000000000000e+02,-1.093419652056979885e+00
3.130000000000000000e+02,5.468156272209512281e-01
3.140000000000000000e+02,-8.259574433083827216e-01
3.150000000000000000e+02,1.719050256561081014e-01
3.160000000000000000e+02,-1.325120898310872875e+00
3.170000000000000000e+02,1.305824681019925659e+00
3.180000000000000000e+02,9.991051688671337416e-01
3.190000000000000000e+02,5.356268745158083711e-01
3.200000000000000000e+02,-1.982501451515936708e-01
3.210000000000000000e+02,-7.331696207365512308e-01
3.220000000000000000e+02,-4.177448135254002715e-01
3.230000000000000000e+02,-1.017969796019945417e+00
3.240000000000000000e+02,2.984180706728851717e-01
3.250000000000000000e+02,-1.108964801336503214e+00
3.260000000000000000e+02,8.048708686765690956e-01
3.270000000000000000e+02,-4.356566279199194369e-01
3.280000000000000000e+02,-5.370839555695043899e-01
3.290000000000000000e+02,-6.588514180146347599e-01
3.300000000000000000e+02,-4.474989952712142838e-01
3.310000000000000000e+02,-8.949276623651529761e-01
3.320000000000000000e+02,-2.661734611706290110e-02
3.330000000000000000e+02,-1.368500066761281886e+00
3.340000000000000000e+02,1.458261691728300669e+00
3.350000000000000000e+02,1.586171377460033227e+00
3.360000000000000000e+02,2.018419586648335873e+00
3.370000000000000000e+02,3.201142729368251949e+00
3.380000000000000000e+02,-1.236343979521290493e+00
3.390000000000000000e+02,-1.889640400953247479e+00
3.400000000000000000e+02,-1.786162994351114364e+00
3.410000000000000000e+02,-3.922829526952053669e+00
3.420000000000000000e+02,1.809037825646990783e+00
3.430000000000000000e+02,3.677525496212085798e+00
3.440000000000000000e+02,5.844887160480212174e+00
3.450000000000000000e+02,4.273282502901464497e+00
3.460000000000000000e+02,-2.883312196972056540e+00
3.470000000000000000e+02,-7.509646162827614546e+00
3.480000000000000000e+02,-7.433914670844451678e+00
3.490000000000000000e+02,-2.656077767520088173e+00
3.500000000000000000e+02,-1.091850866483131455e+00
3.510000000000000000e+02,1.029968286486059981e+00
3.520000000000000000e+02,3.626231182738123948e+00
3.530000000000000000e+02,5.584187138606359291e+00
3.540000000000000000e+02,3.690933152048938126e+00
3.550000000000000000e+02,2.949123318521849058e-01
3.560000000000000000e+02,-4.706185754633551710e-02
3.570000000000000000e+02,-1.844798030979056591e+00
3.580000000000000000e+02,4.036638401136105614e-02
3.590000000000000000e+02,-1.698970081897220652e+00
3.600000000000000000e+02,1.662224172356900453e+00
3.610000000000000000e+02,2.275518869322134208e+00
3.620000000000000000e+02,1.739685484064768417e+00
3.630000000000000000e+02,3.685914065924047023e+00
3.640000000000000000e+02,-4.007970128112397390e+00
3.650000000000000000e+02,-1.004727426359577791e+01
3.660000000000000000e+02,-4.886007599548450209e+00
3.670000000000000000e+02,-1.282256141325031962e+00
3.680000000000000000e+02,-3.138341801531382202e+00
3.690000000000000000e+02,4.741692847559509261e+00
3.700000000000000000e+02,1.060557988925541650e+01
3.710000000000000000e+02,3.723201414343787263e+00
3.720000000000000000e+02,2.360156961246362428e+00
3.730000000000000000e+02,9.406349836031751011e-01
3.740000000000000000e+02,-1.005594280495738957e+00
3.750000000000000000e+02,-2.813572417128119341e+00
3.760000000000000000e+02,-4.274861446883342353e+00
3.770000000000000000e+02,-4.141105851212214972e+00
3.780000000000000000e+02,9.662148197610633815e-01
3.790000000000000000e+02,1.525984053506640237e+00
3.800000000000000000e+02,4.496443346927421203e-01
3.810000000000000000e+02,5.804924295727662553e-01
3.820000000000000000e+02,-1.858777485336834179e+00
3.830000000000000000e+02,-1.572107609429785668e+00
3.840000000000000000e+02,-2.723662503850638572e+00
3.850000000000000000e+02,5.056090651246520906e-01
3.860000000000000000e+02,3.391434581405405879e-02
3.870000000000000000e+02,-1.024226259033739872e+00
3.880000000000000000e+02,1.603544937639842516e-01
3.890000000000000000e+02,-1.104919517118963412e+00
3.900000000000000000e+02,8.618161200128708899e-01
3.910000000000000000e+02,-2.030886959772413292e-01
3.920000000000000000e+02,-5.979117135683189588e-01
3.930000000000000000e+02,-4.962951729211075858e-01
3.940000000000000000e+02,-8.828114887558156099e-01
3.950000000000000000e+02,-1.596644958590118790e-01
3.960000000000000000e+02,-1.314128265210186441e+00
3.970000000000000000e+02,1.193644830404407386e+00
3.980000000000000000e+02,6.713108836673633562e-01
3.990000000000000000e+02,-1.657559411151776629e-02
4.000000000000000000e+02,-8.505422762330310249e-01
4.010000000000000000e+02,-1.316372947023642936e-01
4.020000000000000000e+02,-1.293010556450789217e+00
4.030000000000000000e+02,1.203845596394611750e+00
4.040000000000000000e+02,6.247411237943243378e-01
4.050000000000000000e+02,-1.299868968594717344e-01
4.060000000000000000e+02,-7.047605640037462038e-01
4.070000000000000000e+02,-2.162762472877735043e-01
4.080000000000000000e+02,-1.035434560515334113e+00
4.090000000000000000e+02,5.411929047619210564e-01
4.100000000000000000e+02,-8.250624642510615558e-01
4.110000000000000000e+02,2.851880353991336214e-01
4.120000000000000000e+02,-1.114716879703574470e+00
4.130000000000000000e+02,8.173180226536254089e-01
4.140000000000000000e+02,-4.750201979079688996e-01
4.150000000000000000e+02,-5.413359266914690160e-01
4.160000000000000000e+02,-7.241793327347090248e-01
4.170000000000000000e+02,-3.686664530516434723e-01
4.180000000000000000e+02,-9.931891852040379831e-01
4.190000000000000000e+02,3.025460303921292393e-01
4.200000000000000000e+02,-1.246277197638013590e+00
4.210000000000000000e+02,1.160260061485798744e+00
4.220000000000000000e+02,6.032479704000444087e-01
4.230000000000000000e+02,-1.281772278079538196e-01
4.240000000000000000e+02,-8.118180162945796141e-01
4.250000000000000000e+02,-1.781445778464327834e-01
4.260000000000000000e+02,-1.239708834318475006e+00
4.270000000000000000e+02,1.008824680975999311e+00
4.280000000000000000e+02,1.459831045886499368e-01
4.290000000000000000e+02,-7.021807962909170087e-01
4.300000000000000000e+02,-3.074202362498770214e-01
4.310000000000000000e+02,-1.079234594845095430e+00
4.320000000000000000e+02,5.267000206050274080e-01
4.330000000000000000e+02,-9.165275283416569607e-01
4.340000000000000000e+02,3.640189194466072475e-01
4.350000000000000000e+02,-1.113187555512965332e+00
4.360000000000000000e+02,7.957199936949983510e-01
4.370000000000000000e+02,-3.878176504312742523e-01
4.380000000000000000e+02,-5.656268369341947988e-01
4.390000000000000000e+02,-6.658998171180732228e-01
4.400000000000000000e+02,-5.535344001044455453e-01
4.410000000000000000e+02,-7.844279745642408486e-01
4.420000000000000000e+02,-2.830415417831915192e-01
4.430000000000000000e+02,-1.112464263420406496e+00
4.440000000000000000e+02,6.668204426153110376e-01
4.450000000000000000e+02,-7.021709153576196627e-01
4.460000000000000000e+02,-6.304567431226582030e-02
4.470000000000000000e+02,-1.243061018283264652e+00
4.480000000000000000e+02,1.083859434905808161e+00
4.490000000000000000e+02,3.055397945427564821e-01
4.500000000000000000e+02,-5.187541769378283263e-01
4.510000000000000000e+02,-5.124926962439775302e-01
4.520000000000000000e+02,-7.325826780992108489e-01
4.530000000000000000e+02,-3.647295540241044520e-01
4.540000000000000000e+02,-1.044926793926507891e+00
4.550000000000000000e+02,4.165518079605492474e-01
4.560000000000000000e+02,-1.054242385224533507e+00
4.570000000000000000e+02,7.257487783025879935e-01
4.580000000000000000e+02,-6.026782192356909817e-01
4.590000000000000000e+02,-2.984107549117149816e-01
4.600000000000000000e+02,-1.008326086293009460e+00
4.610000000000000000e+02,4.028236079634375244e-01
4.620000000000000000e+02,-1.140836698204569899e+00
4.630000000000000000e+02,8.248235443980234116e-01
4.640000000000000000e+02,-2.593426848437765386e-01
4.650000000000000000e+02,-6.437130525499521472e-01
4.660000000000000000e+02,-5.467416548157923994e-01
4.670000000000000000e+02,-8.331793363109767370e-01
4.680000000000000000e+02,-2.245497650117291855e-01
4.690000000000000000e+02,-1.159133628491169077e+00
4.700000000000000000e+02,8.652750642378190804e-01
4.710000000000000000e+02,-3.067174448865728209e-01
4.720000000000000000e+02,-6.369549901039595063e-01
4.730000000000000000e+02,-4.991045955296276038e-01
4.740000000000000000e+02,-8.462791313539570481e-01
4.750000000000000000e+02,-1.390467875148848620e-01
4.760000000000000000e+02,-1.220380757009237982e+00
4.770000000000000000e+02,1.035234607826634345e+00
4.780000000000000000e+02,1.857458033881336235e-01
4.790000000000000000e+02,-6.353525826127288667e-01
4.800000000000000000e+02,-3.686786633818601722e-01
4.810000000000000000e+02,-9.945577641706084826e-01
4.820000000000000000e+02,2.282954041700140380e-01
4.830000000000000000e+02,-1.247109166745774544e+00
4.840000000000000000e+02,1.217227653233258433e+00
4.850000000000000000e+02,7.245783839030544016e-01
4.860000000000000000e+02,9.437796878760984498e-02
4.870000000000000000e+02,-7.509861431811239996e-01
4.880000000000000000e+02,-1.500351076795825023e-01
4.890000000000000000e+02,-1.167257727714959170e+00
4.900000000000000000e+02,9.106856452633151910e-01
4.910000000000000000e+02,-2.049068658937756027e-01
4.920000000000000000e+02,-6.476986145149670193e-01
4.930000000000000000e+02,-4.526637108077631311e-01
4.940000000000000000e+02,-9.075319204071035095e-01
4.950000000000000000e+02,3.855886634471605845e-02
4.960000000000000000e+02,-1.297282199577304951e+00
4.970000000000000000e+02,1.292530500572638630e+00
4.980000000000000000e+02,9.565535048897793047e-01
4.990000000000000000e+02,6.303385189020165313e-01
5.000000000000000000e+02,-1.752681904575243976e-01
5.010000000000000000e+02,-7.798159225064758004e-01
5.020000000000000000e+02,-2.356395512676723314e-01
5.030000000000000000e+02,-1.198855158650911967e+00
5.040000000000000000e+02,8.343337692785182114e-01
5.050000000000000000e+02,-4.292980120998066695e-01
5.060000000000000000e+02,-5.907295351963006702e-01
5.070000000000000000e+02,-6.915910592492107156e-01
5.080000000000000000e+02,-4.638129077322710181e-01
5.090000000000000000e+02,-7.515146053256813730e-01
5.100000000000000000e+02,-1.491370701090302120e-01
5.110000000000000000e+02,-1.136043004387218502e+00
5.120000000000000000e+02,8.235876287067451784e-01
5.130000000000000000e+02,-4.929596756696348336e-01
5.140000000000000000e+02,-3.809330116053750714e-01
5.150000000000000000e+02,-9.610478781042792740e-01
5.160000000000000000e+02,2.383043817444443491e-01
5.170000000000000000e+02,-1.190036189432820635e+00
5.180000000000000000e+02,9.860043587470572746e-01
5.190000000000000000e+02,5.299504652060882393e-02
5.200000000000000000e+02,-7.260303567129642310e-01
5.210000000000000000e+02,-2.873498113139052457e-01
5.220000000000000000e+02,-1.110994854409752541e+00
5.230000000000000000e+02,6.206486659057040001e-01
5.240000000000000000e+02,-7.902031360942487481e-01
5.250000000000000000e+02,2.410566683487047612e-03
5.260000000000000000e+02,-1.207552888116612877e+00
5.270000000000000000e+02,1.044644468124538150e+00
5.280000000000000000e+02,1.306613007206571808e-01
5.290000000000000000e+02,-6.899677407415660824e-01
5.300000000000000000e+02,-3.055273210013109697e-01
5.310000000000000000e+02,-1.060299539821836667e+00
5.320000000000000000e+02,5.195059044017842353e-01
5.330000000000000000e+02,-9.128914471363902550e-01
5.340000000000000000e+02,3.731514778836255708e-01
5.350000000000000000e+02,-1.122877338037162609e+00
5.360000000000000000e+02,8.190886336398000012e-01
5.370000000000000000e+02,-3.335920630636213247e-01
5.380000000000000000e+02,-5.897397825721841791e-01
5.390000000000000000e+02,-6.135878113785462329e-01
5.400000000000000000e+02,-6.637352119536741313e-01
5.410000000000000000e+02,-5.696192113585141215e-01
5.420000000000000000e+02,-7.529413899426025125e-01
5.430000000000000000e+02,-3.694407736093801020e-01
5.440000000000000000e+02,-1.022635718785970482e+00
5.450000000000000000e+02,3.318790306372285670e-01
5.460000000000000000e+02,-1.152134504468023124e+00
5.470000000000000000e+02,9.629943840583061743e-01
5.480000000000000000e+02,-5.022755162571002074e-02
5.490000000000000000e+02,-7.564377693177877227e-01
5.500000000000000000e+02,-1.916428878205369557e-01
5.510000000000000000e+02,-1.152378135413463234e+00
5.520000000000000000e+02,8.675288460377945654e-01
5.530000000000000000e+02,-3.404979357786732663e-01
5.540000000000000000e+02,-6.761423006858531259e-01
5.550000000000000000e+02,-3.955991102098137535e-01
5.560000000000000000e+02,-9.007925684461151050e-01
5.570000000000000000e+02,6.402782110232330126e-02
5.580000000000000000e+02,-1.322863916341880497e+00
5.590000000000000000e+02,1.351083091933477753e+00
5.600000000000000000e+02,1.150878190306778848e+00
5.610000000000000000e+02,1.028239584095673287e+00
5.620000000000000000e+02,7.597086364232072953e-01
5.630000000000000000e+02,-4.251196076713359417e-01
5.640000000000000000e+02,-3.773677533306241116e-02
5.650000000000000000e+02,-1.582259409302593234e-01
5.660000000000000000e+02,9.872744735716432185e-01
5.670000000000000000e+02,-5.047131238472264414e-01
5.680000000000000000e+02,8.948641945105677564e-01
5.690000000000000000e+02,-4.448301508478818000e-01
5.700000000000000000e+02,1.034426137348955166e+00
5.710000000000000000e+02,-5.787335935094644057e-01
5.720000000000000000e+02,6.671546767804361622e-01
5.730000000000000000e+02,5.604013572063815118e-02
5.740000000000000000e+02,1.362038144604245105e+00
5.750000000000000000e+02,-1.314395622398121688e+00
5.760000000000000000e+02,-1.098645113022424624e+00
5.770000000000000000e+02,-8.384550393645366917e-01
5.780000000000000000e+02,-4.771944723842267422e-01
5.790000000000000000e+02,7.904191969002152263e-01
5.800000000000000000e+02,1.437411503316017303e-01
5.810000000000000000e+02,8.326379179481522286e-01
5.820000000000000000e+02,-1.018366182631202932e+00
5.830000000000000000e+02,4.252450047436067138e-01
5.840000000000000000e+02,7.566763671475751352e-02
5.850000000000000000e+02,5.983206405116603399e-01
5.860000000000000000e+02,-3.976507190413234305e-01
5.870000000000000000e+02,8.126671505315532507e-01
5.880000000000000000e+02,-6.130664685063962338e-01
5.890000000000000000e+02,6.182129210562310462e-01
5.900000000000000000e+02,-3.035681439334423359e-01
5.910000000000000000e+02,9.257108224325771850e-01
5.920000000000000000e+02,-5.077259790069708068e-01
5.930000000000000000e+02,9.775695883010753207e-01
5.940000000000000000e+02,-4.811017675781403824e-01
5.950000000000000000e+02,8.684569865381828180e-01
5.960000000000000000e+02,-3.998165842040077855e-01
5.970000000000000000e+02,1.156620209032751312e+00
5.980000000000000000e+02,-8.461179615233680451e-01
5.990000000000000000e+02,2.212464569113254953e-01
6.000000000000000000e+02,6.532948296340108651e-01
6.010000000000000000e+02,4.973611772432180445e-01
6.020000000000000000e+02,8.566040807100341326e-01
6.030000000000000000e+02,5.965141810838048286e-02
6.040000000000000000e+02,1.202484794850013472e+00
6.050000000000000000e+02,-1.033927911532410704e+00
6.060000000000000000e+02,-8.506944703774443894e-02
6.070000000000000000e+02,7.356994764650259810e-01
6.080000000000000000e+02,1.940268050977715930e-01
6.090000000000000000e+02,1.124009525328469650e+00
6.100000000000000000e+02,-7.798537860862917448e-01
6.110000000000000000e+02,5.360187453155571546e-01
6.120000000000000000e+02,4.387184190112902726e-01
6.130000000000000000e+02,7.619212203453953336e-01
6.140000000000000000e+02,1.914055691362266387e-01
6.150000000000000000e+02,1.237548219738011213e+00
6.160000000000000000e+02,-9.723756191080994427e-01
6.170000000000000000e+02,-2.889754170506897424e-02
6.180000000000000000e+02,7.626450190269267182e-01
6.190000000000000000e+02,1.925939720803666599e-01
6.200000000000000000e+02,1.141639514581428649e+00
6.210000000000000000e+02,-8.256075711179313714e-01
6.220000000000000000e+02,4.288111845988726856e-01
6.230000000000000000e+02,5.648870538407266828e-01
6.240000000000000000e+02,5.734434521409976782e-01
6.250000000000000000e+02,6.256729947894976718e-01
6.260000000000000000e+02,6.584896571266467546e-01
6.270000000000000000e+02,6.667964916566795353e-01
6.280000000000000000e+02,6.366713461250448347e-01
6.290000000000000000e+02,6.309081179658733163e-01
6.300000000000000000e+02,5.567267192742679782e-01
6.310000000000000000e+02,6.747902812792201388e-01
6.320000000000000000e+02,5.130151152451176699e-01
6.330000000000000000e+02,8.564875859765290755e-01
6.340000000000000000e+02,1.327501398374764108e-01
6.350000000000000000e+02,1.215481997654679347e+00
6.360000000000000000e+02,-1.062898097208802461e+00
6.370000000000000000e+02,-2.248693720384178363e-01
6.380000000000000000e+02,5.791438435392555206e-01
6.390000000000000000e+02,4.410243091118857262e-01
6.400000000000000000e+02,8.963881230204053807e-01
6.410000000000000000e+02,4.822375483578067445e-02
6.420000000000000000e+02,1.277001736523967423e+00
6.430000000000000000e+02,-1.238975874666818022e+00
6.440000000000000000e+02,-7.736278531172331441e-01
6.450000000000000000e+02,-2.181652803099933813e-01
6.460000000000000000e+02,7.004588357967165280e-01
6.470000000000000000e+02,2.670889619657517144e-01
6.480000000000000000e+02,1.152709342691394134e+00
6.490000000000000000e+02,-6.580405239889151048e-01
6.500000000000000000e+02,7.384921173942924355e-01
6.510000000000000000e+02,5.983403565079292719e-02
6.520000000000000000e+02,1.191285801854177429e+00
6.530000000000000000e+02,-9.821222235920052945e-01
6.540000000000000000e+02,-3.033751035733889267e-02
6.550000000000000000e+02,7.268136793705179954e-01
6.560000000000000000e+02,2.877495604035273935e-01
6.570000000000000000e+02,1.099111787392471840e+00
6.580000000000000000e+02,-6.293960471865949202e-01
6.590000000000000000e+02,7.346246769306219448e-01
6.600000000000000000e+02,1.052790902709976884e-02
6.610000000000000000e+02,1.243250962591500475e+00
6.620000000000000000e+02,-1.037974844135941099e+00
6.630000000000000000e+02,-1.493764650417830353e-01
6.640000000000000000e+02,6.890095220755547700e-01
6.650000000000000000e+02,3.322483930290738297e-01
6.660000000000000000e+02,1.038046486917133748e+00
6.670000000000000000e+02,-4.471445413325181306e-01
6.680000000000000000e+02,9.616973185046333583e-01
6.690000000000000000e+02,-5.251899129412038736e-01
6.700000000000000000e+02,9.692452192665665933e-01
6.710000000000000000e+02,-3.982726355010655084e-01
6.720000000000000000e+02,9.834842898435081082e-01
6.730000000000000000e+02,-5.834173615819224779e-01
6.740000000000000000e+02,8.918480041928571467e-01
6.750000000000000000e+02,-2.789903975258114510e-01
6.760000000000000000e+02,1.079805509091563032e+00
6.770000000000000000e+02,-8.941735313407099817e-01
6.780000000000000000e+02,2.836051448948921916e-01
6.790000000000000000e+02,6.110713818672617315e-01
6.800000000000000000e+02,5.074729613643826909e-01
6.810000000000000000e+02,8.173490247406309805e-01
6.820000000000000000e+02,2.149477480503687588e-01
6.830000000000000000e+02,1.233256968640796813e+00
6.840000000000000000e+02,-1.032141970177802293e+00
6.850000000000000000e+02,-1.647111765592548238e-01
6.860000000000000000e+02,6.903070924097693961e-01
6.870000000000000000e+02,2.515862638581025656e-01
6.880000000000000000e+02,1.082829028813064198e+00
6.890000000000000000e+02,-5.932761097117880134e-01
6.900000000000000000e+02,8.421670001527292726e-01
6.910000000000000000e+02,-1.913012661387494262e-01
6.920000000000000000e+02,1.149942221884273863e+00
6.930000000000000000e+02,-9.417370109594949135e-01
6.940000000000000000e+02,1.056577225412471677e-01
6.950000000000000000e+02,7.240755189434753269e-01
6.960000000000000000e+02,3.304811318031035672e-01
6.970000000000000000e+02,1.076138919860310850e+00
6.980000000000000000e+02,-5.387395704540520747e-01
6.990000000000000000e+02,9.011631784312097437e-01
7.000000000000000000e+02,-3.192455213569926897e-01
7.010000000000000000e+02,1.177631375153941562e+00
7.020000000000000000e+02,-9.553722086602451924e-01
7.030000000000000000e+02,1.423062675934083643e-02
7.040000000000000000e+02,7.210733801214046501e-01
7.050000000000000000e+02,3.007590609968578965e-01
7.060000000000000000e+02,1.107239647042150388e+00
7.070000000000000000e+02,-6.117198662658607233e-01
7.080000000000000000e+02,7.625635431308541712e-01
7.090000000000000000e+02,-9.183723693226397700e-03
7.100000000000000000e+02,1.269250197165812111e+00
7.110000000000000000e+02,-1.117773396911402983e+00
7.120000000000000000e+02,-3.978217559311634233e-01
7.130000000000000000e+02,4.700378061492651582e-01
7.140000000000000000e+02,5.812746356977718243e-01
7.150000000000000000e+02,6.517290476913673025e-01
7.160000000000000000e+02,5.258371181266641159e-01
7.170000000000000000e+02,7.623116331388750666e-01
7.180000000000000000e+02,2.601344813744903561e-01
7.190000000000000000e+02,1.117356165990804229e+00
7.200000000000000000e+02,-6.246029660819392149e-01
7.210000000000000000e+02,8.276645966227835771e-01
7.220000000000000000e+02,-1.249631800485322408e-01
7.230000000000000000e+02,1.252405907888722858e+00
7.240000000000000000e+02,-1.239520505305853337e+00
7.250000000000000000e+02,-7.121675324791425510e-01
7.260000000000000000e+02,2.156945153718226038e-03
7.270000000000000000e+02,7.502115723238276246e-01
7.280000000000000000e+02,2.071030524271737505e-01
7.290000000000000000e+02,1.223432043786540468e+00
7.300000000000000000e+02,-8.815459609156670595e-01
7.310000000000000000e+02,1.374858921058041972e-01
7.320000000000000000e+02,7.812958733658570409e-01
7.330000000000000000e+02,2.911146913887359133e-01
7.340000000000000000e+02,1.248642953548384060e+00
7.350000000000000000e+02,-8.951149453064859429e-01
7.360000000000000000e+02,1.468297056726868277e-01
7.370000000000000000e+02,8.477075507108819963e-01
7.380000000000000000e+02,3.944746768141427218e-02
7.390000000000000000e+02,1.248350618624280095e+00
7.400000000000000000e+02,-1.135629941007136878e+00
7.410000000000000000e+02,-3.738506292843002399e-01
7.420000000000000000e+02,5.088329541141289880e-01
7.430000000000000000e+02,5.218143223841140710e-01
7.440000000000000000e+02,7.647425222601687000e-01
7.450000000000000000e+02,3.884486132679567660e-01
7.460000000000000000e+02,1.079722496873223747e+00
7.470000000000000000e+02,-4.569940445158362508e-01
7.480000000000000000e+02,9.808108507668755749e-01
7.490000000000000000e+02,-5.812715597907138765e-01
7.500000000000000000e+02,9.391040073319087966e-01
7.510000000000000000e+02,-3.407670768432735642e-01
7.520000000000000000e+02,1.037538689184350105e+00
7.530000000000000000e+02,-7.642273040272629103e-01
7.540000000000000000e+02,5.725267848509503210e-01
7.550000000000000000e+02,3.381942768057830673e-01
7.560000000000000000e+02,9.670265583728525627e-01
7.570000000000000000e+02,-2.381949616878307197e-01
7.580000000000000000e+02,1.212020502937591004e+00
7.590000000000000000e+02,-1.147310326963386196e+00
7.600000000000000000e+02,-5.134887340304707948e-01
7.610000000000000000e+02,2.517572477192566716e-01
7.620000000000000000e+02,7.260464155382448936e-01
7.630000000000000000e+02,3.047655056032407828e-01
7.640000000000000000e+02,1.070327654013269125e+00
7.650000000000000000e+02,-5.321433890255096166e-01
7.660000000000000000e+02,8.824678143901767413e-01
7.670000000000000000e+02,-2.999430762510773008e-01
7.680000000000000000e+02,1.204222815351140952e+00
7.690000000000000000e+02,-1.016022220149406241e+00
7.700000000000000000e+02,-1.643604076592311003e-01
7.710000000000000000e+02,6.647378822069676119e-01
7.720000000000000000e+02,3.672898393483308155e-01
7.730000000000000000e+02,1.030505151007380604e+00
7.740000000000000000e+02,-3.596867489769937087e-01
7.750000000000000000e+02,1.075146582425396957e+00
7.760000000000000000e+02,-7.882257846413862623e-01
7.770000000000000000e+02,4.768085270025572697e-01
7.780000000000000000e+02,4.780082997268499945e-01
7.790000000000000000e+02,7.656979660950971045e-01
7.800000000000000000e+02,2.598535356251199246e-01
7.810000000000000000e+02,1.156317287242803360e+00
7.820000000000000000e+02,-7.973035070421463644e-01
7.830000000000000000e+02,4.072769774357691830e-01
7.840000000000000000e+02,4.940815417410950872e-01
7.850000000000000000e+02,8.290423835073954528e-01
7.860000000000000000e+02,2.630329459308455853e-01
7.870000000000000000e+02,1.144425463455061909e+00
7.880000000000000000e+02,-7.924608005984756787e-01
7.890000000000000000e+02,4.524685909697474528e-01
7.900000000000000000e+02,4.911422592212275617e-01
7.910000000000000000e+02,7.877722380299698735e-01
7.920000000000000000e+02,3.110453082024458027e-01
7.930000000000000000e+02,1.141066781457179324e+00
7.940000000000000000e+02,-7.186014953082437984e-01
7.950000000000000000e+02,5.840689740332187796e-01
7.960000000000000000e+02,3.044674542968968112e-01
7.970000000000000000e+02,1.069080630057994696e+00
7.980000000000000000e+02,-4.309193324061491026e-01
7.990000000000000000e+02,9.972281359778243370e-01
8.000000000000000000e+02,-5.792329562194824533e-01
8.010000000000000000e+02,8.827199261532374663e-01
8.020000000000000000e+02,-2.396199937477834219e-01
8.030000000000000000e+02,1.146413317205752236e+00
8.040000000000000000e+02,-9.437456817931431097e-01
8.050000000000000000e+02,9.467969123780939356e-02
8.060000000000000000e+02,7.143960004762557325e-01
8.070000000000000000e+02,2.955989454699435859e-01
8.080000000000000000e+02,1.083952406033205307e+00
8.090000000000000000e+02,-5.640164299078351817e-01
8.100000000000000000e+02,8.995347597732994416e-01
8.110000000000000000e+02,-2.381845508956237367e-01
8.120000000000000000e+02,1.185970702778117669e+00
8.130000000000000000e+02,-1.056381767928642912e+00
8.140000000000000000e+02,-1.799097685352126774e-01
8.150000000000000000e+02,6.441127399403976383e-01
8.160000000000000000e+02,3.642829390726605165e-01
8.170000000000000000e+02,1.006955590837128156e+00
8.180000000000000000e+02,-3.113100170199567529e-01
8.190000000000000000e+02,1.131579488552258539e+00
8.200000000000000000e+02,-9.479936414389054100e-01
8.210000000000000000e+02,9.146355554317153747e-02
8.220000000000000000e+02,7.094504135783581411e-01
8.230000000000000000e+02,3.534389904673762572e-01
8.240000000000000000e+02,1.082065410291377816e+00
8.250000000000000000e+02,-4.673649137242397167e-01
8.260000000000000000e+02,9.464046304828990230e-01
8.270000000000000000e+02,-4.648927513648226650e-01
8.280000000000000000e+02,1.037296975365283203e+00
8.290000000000000000e+02,-5.748664483781045220e-01
8.300000000000000000e+02,7.599618984417260137e-01
8.310000000000000000e+02,-4.064061905164395583e-02
8.320000000000000000e+02,1.288566680200023740e+00
8.330000000000000000e+02,-1.178366899542481416e+00
8.340000000000000000e+02,-6.000493032330211918e-01
8.350000000000000000e+02,1.771354291604545494e-01
8.360000000000000000e+02,7.294806095168198112e-01
8.370000000000000000e+02,2.562098468567106657e-01
8.380000000000000000e+02,1.106373207905702039e+00
8.390000000000000000e+02,-6.312715841335592160e-01
8.400000000000000000e+02,6.925626748577879965e-01
8.410000000000000000e+02,1.122813606256614083e-01
8.420000000000000000e+02,1.188130805329601358e+00
8.430000000000000000e+02,-8.790682744713338437e-01
8.440000000000000000e+02,2.868171862801194294e-01
8.450000000000000000e+02,7.034865643730752183e-01
8.460000000000000000e+02,4.069098755148017332e-01
8.470000000000000000e+02,9.502236920080449067e-01
8.480000000000000000e+02,-1.987797006793976529e-01
8.490000000000000000e+02,1.256029295810794366e+00
8.500000000000000000e+02,-1.215897723856214085e+00
8.510000000000000000e+02,-7.568326257429713877e-01
8.520000000000000000e+02,-1.746389434244637329e-01
8.530000000000000000e+02,7.084535688980988510e-01
8.540000000000000000e+02,2.476422737910812799e-01
8.550000000000000000e+02,1.136402098123861393e+00
8.560000000000000000e+02,-6.918457368415036335e-01
8.570000000000000000e+02,6.139695950553143433e-01
8.580000000000000000e+02,2.381880842486747696e-01
8.590000000000000000e+02,1.114019164112101112e+00
8.600000000000000000e+02,-6.082035306613104986e-01
8.610000000000000000e+02,7.305507554717820540e-01
8.620000000000000000e+02,4.001164235839693717e-02
8.630000000000000000e+02,1.260271440028561507e+00
8.640000000000000000e+02,-1.105539982226117157e+00
8.650000000000000000e+02,-4.009600625956473152e-01
8.660000000000000000e+02,3.614098821725328925e-01
8.670000000000000000e+02,6.816611611644058932e-01
8.680000000000000000e+02,4.460170898484561164e-01
8.690000000000000000e+02,9.181177224735979081e-01
8.700000000000000000e+02,-5.975159895074355632e-02
8.710000000000000000e+02,1.262985028511325325e+00
8.720000000000000000e+02,-1.257704491562560811e+00
8.730000000000000000e+02,-8.076755920999936222e-01
8.740000000000000000e+02,-3.168850816385440083e-01
8.750000000000000000e+02,6.429747703296442296e-01
8.760000000000000000e+02,3.648610323426675350e-01
8.770000000000000000e+02,1.050957486103254013e+00
8.780000000000000000e+02,-3.449475342793455468e-01
8.790000000000000000e+02,1.129871466614881470e+00
8.800000000000000000e+02,-8.930157940232943403e-01
8.810000000000000000e+02,2.116197059953499604e-01
8.820000000000000000e+02,6.586953050679316135e-01
8.830000000000000000e+02,4.809149768123295310e-01
8.840000000000000000e+02,8.846946063341523114e-01
8.850000000000000000e+02,4.190074241906716068e-02
8.860000000000000000e+02,1.258592646110225033e+00
8.870000000000000000e+02,-1.233022840838562395e+00
8.880000000000000000e+02,-6.958076240178456828e-01
8.890000000000000000e+02,-1.038649568831706560e-01
8.900000000000000000e+02,8.640604649838277140e-01
8.910000000000000000e+02,8.105626573815261082e-02
8.920000000000000000e+02,1.270470780836886249e+00
8.930000000000000000e+02,-1.221992854458400668e+00
8.940000000000000000e+02,-6.233910315940232039e-01
8.950000000000000000e+02,1.027839055582955297e-01
8.960000000000000000e+02,7.198870595796069694e-01
8.970000000000000000e+02,1.920190454365098276e-01
8.980000000000000000e+02,1.063618250878941573e+00
8.990000000000000000e+02,-6.165750786853498866e-01
9.000000000000000000e+02,6.819828311130393672e-01
9.010000000000000000e+02,-3.106089734923478396e-02
9.020000000000000000e+02,1.132948150724531367e+00
9.030000000000000000e+02,-8.116519553306971169e-01
9.040000000000000000e+02,5.262662313527943780e-01
9.050000000000000000e+02,5.055935181769011244e-01
9.060000000000000000e+02,7.764217847307151033e-01
9.070000000000000000e+02,1.954546671353298848e-01
9.080000000000000000e+02,1.136079348278456358e+00
9.090000000000000000e+02,-7.643344685500688129e-01
9.100000000000000000e+02,5.747588501984211007e-01
9.110000000000000000e+02,3.769983144412081266e-01
9.120000000000000000e+02,9.200487420044405340e-01
9.130000000000000000e+02,-1.677761587462178738e-01
9.140000000000000000e+02,1.246958634544371058e+00
9.150000000000000000e+02,-1.219478204692249879e+00
9.160000000000000000e+02,-7.041598603954444258e-01
9.170000000000000000e+02,-7.852768235333762448e-02
9.180000000000000000e+02,8.090895208533943617e-01
9.190000000000000000e+02,1.722393101095724965e-01
9.200000000000000000e+02,1.236610385987816585e+00
9.210000000000000000e+02,-1.036002919846180870e+00
9.220000000000000000e+02,-1.479616801948999694e-01
9.230000000000000000e+02,6.894863432628364208e-01
9.240000000000000000e+02,3.466916505976298524e-01
9.250000000000000000e+02,1.115620986321642860e+00
9.260000000000000000e+02,-4.985622939458207448e-01
9.270000000000000000e+02,9.464862179602375747e-01
9.280000000000000000e+02,-4.008041693126873639e-01
9.290000000000000000e+02,1.114843064341723533e+00
9.300000000000000000e+02,-7.439132682085181081e-01
9.310000000000000000e+02,4.533211476112999350e-01
9.320000000000000000e+02,4.671236488590557734e-01
9.330000000000000000e+02,8.635287237240616420e-01
9.340000000000000000e+02,1.628685183795006708e-01
9.350000000000000000e+02,1.292665857186013234e+00
9.360000000000000000e+02,-1.213277989234250676e+00
9.370000000000000000e+02,-7.148866607713273424e-01
9.380000000000000000e+02,-1.279290620703452674e-01
9.390000000000000000e+02,8.253250329377026517e-01
9.400000000000000000e+02,1.550106858432318546e-01
9.410000000000000000e+02,1.256831883756126977e+00
9.420000000000000000e+02,-1.073969225792996696e+00
9.430000000000000000e+02,-2.380416165608600920e-01
9.440000000000000000e+02,6.321263072800622496e-01
9.450000000000000000e+02,3.606374475613494113e-01
9.460000000000000000e+02,9.842834597765866000e-01
9.470000000000000000e+02,-2.607039158780395383e-01
9.480000000000000000e+02,1.221489613306462552e+00
9.490000000000000000e+02,-1.102496524156591828e+00
9.500000000000000000e+02,-3.807150475605496354e-01
9.510000000000000000e+02,4.559695075264711406e-01
9.520000000000000000e+02,5.771870033045161108e-01
9.530000000000000000e+02,5.995677357814495068e-01
9.540000000000000000e+02,5.967678269261256219e-01
9.550000000000000000e+02,6.187733516925089106e-01
9.560000000000000000e+02,6.302449142754973366e-01
9.570000000000000000e+02,6.221238360673284618e-01
9.580000000000000000e+02,6.614132539096200247e-01
9.590000000000000000e+02,5.620672777005237819e-01
9.600000000000000000e+02,7.617163757043421413e-01
9.610000000000000000e+02,3.920885772315800821e-01
9.620000000000000000e+02,1.027478904661988324e+00
9.630000000000000000e+02,-3.608705522978832292e-01
9.640000000000000000e+02,1.071809498070118494e+00
9.650000000000000000e+02,-7.647809973272110540e-01
9.660000000000000000e+02,5.648529789344198804e-01
9.670000000000000000e+02,4.657797091535633704e-01
9.680000000000000000e+02,7.884784517968235207e-01
9.690000000000000000e+02,8.587041186691557471e-02
9.700000000000000000e+02,1.169292062535934207e+00
9.710000000000000000e+02,-1.002646136742729510e+00
9.720000000000000000e+02,-1.517968395036284335e-02
9.730000000000000000e+02,6.887357549957000558e-01
9.740000000000000000e+02,3.505176007982349073e-01
9.750000000000000000e+02,1.092187533512458231e+00
9.760000000000000000e+02,-4.507174283177679541e-01
9.770000000000000000e+02,1.048000468966771237e+00
9.780000000000000000e+02,-6.482908381966390188e-01
9.790000000000000000e+02,7.052962201991981317e-01
9.800000000000000000e+02,8.851011184995805081e-02
9.810000000000000000e+02,1.229392253038477989e+00
9.820000000000000000e+02,-1.011121331309441373e+00
9.830000000000000000e+02,-1.259410340619968594e-01
9.840000000000000000e+02,6.869959421337901162e-01
9.850000000000000000e+02,3.237845158988723604e-01
9.860000000000000000e+02,1.032417618354241284e+00
9.870000000000000000e+02,-4.095066996157776806e-01
9.880000000000000000e+02,1.039713804809302644e+00
9.890000000000000000e+02,-6.774206094197778860e-01
9.900000000000000000e+02,6.857015665839156782e-01
9.910000000000000000e+02,1.329678130330629315e-01
9.920000000000000000e+02,1.132707220092366907e+00
9.930000000000000000e+02,-8.005299516549797545e-01
9.940000000000000000e+02,4.463291725938294263e-01
9.950000000000000000e+02,4.911616337770614571e-01
9.960000000000000000e+02,7.700781456884042697e-01
9.970000000000000000e+02,2.851734530497678222e-01
9.980000000000000000e+02,1.122162741499921346e+00
9.990000000000000000e+02,-6.534355185628912821e-01
1.000000000000000000e+03,7.235724399080503133e-01
1.001000000000000000e+03,8.803908028967710742e-02
1.002000000000000000e+03,1.175457891533092436e+00
1.003000000000000000e+03,-9.391446975729778046e-01
1.004000000000000000e+03,1.287900274384679022e-01
1.005000000000000000e+03,6.865599821209218412e-01
1.006000000000000000e+03,3.853662007476392759e-01
1.007000000000000000e+03,1.000231024463821505e+00
1.008000000000000000e+03,-2.518031507806455238e-01
1.009000000000000000e+03,1.207592256035615819e+00
1.010000000000000000e+03,-1.085576387150194222e+00
1.011000000000000000e+03,-3.272980228846140704e-01
1.012000000000000000e+03,4.989865991845103821e-01
1.013000000000000000e+03,5.723898836957639347e-01
1.014000000000000000e+03,7.130135211183663557e-01
1.015000000000000000e+03,4.857686058237224991e-01
1.016000000000000000e+03,8.740240660592020205e-01
1.017000000000000000e+03,6.685796397754373288e-02
1.018000000000000000e+03,1.306535618605831672e+00
1.019000000000000000e+03,-1.281647555804942051e+00
1.020000000000000000e+03,-9.727883978555027511e-01
1.021000000000000000e+03,-6.866545161279891119e-01
1.022000000000000000e+03,1.288912535684971772e-03
1.023000000000000000e+03,8.026744026542660393e-01
1.024000000000000000e+03,5.543512377117476575e-02
1.025000000000000000e+03,1.202010732145812888e+00
1.026000000000000000e+03,-1.108021799790859685e+00
1.027000000000000000e+03,-2.957960665471226491e-02
1.028000000000000000e+03,7.090426657786732534e-01
1.029000000000000000e+03,5.147766414648184963e-01
1.030000000000000000e+03,1.048744873522588605e+00
1.031000000000000000e+03,-2.277518170336665371e-01
1.032000000000000000e+03,1.021698170586676113e+00
1.033000000000000000e+03,-8.487207072893694360e-01
1.034000000000000000e+03,5.202670632382133675e-01
1.035000000000000000e+03,4.639256575893075940e-01
1.036000000000000000e+03,7.601289133574717916e-01
1.037000000000000000e+03,1.868403560411033837e-01
1.038000000000000000e+03,1.131811747096906906e+00
1.039000000000000000e+03,-7.721514140851475361e-01
1.040000000000000000e+03,5.555660223840988010e-01
1.041000000000000000e+03,3.989763920990450075e-01
1.042000000000000000e+03,9.526280228079810897e-01
1.043000000000000000e+03,-1.605075004489906476e-01
1.044000000000000000e+03,1.214196419928557091e+00
1.045000000000000000e+03,-1.148157098117547292e+00
1.046000000000000000e+03,-4.598649577680298250e-01
1.047000000000000000e+03,3.210553005373317781e-01
1.048000000000000000e+03,7.635080910287852518e-01
1.049000000000000000e+03,3.784385726211878520e-01
1.050000000000000000e+03,1.056903200958586364e+00
1.051000000000000000e+03,-4.476427391531152544e-01
1.052000000000000000e+03,9.841541030538198953e-01
1.053000000000000000e+03,-5.583975823324234256e-01
1.054000000000000000e+03,9.452600779007145348e-01
1.055000000000000000e+03,-3.333340737046821545e-01
1.056000000000000000e+03,1.082403419563127578e+00
1.057000000000000000e+03,-8.205008721782776071e-01
1.058000000000000000e+03,4.203208077039519708e-01
1.059000000000000000e+03,5.065718808654420258e-01
1.060000000000000000e+03,7.420638831258505874e-01
1.061000000000000000e+03,3.822308094672273171e-01
1.062000000000000000e+03,1.039064487133103398e+00
1.063000000000000000e+03,-3.795869935416620322e-01
1.064000000000000000e+03,1.128712785426056797e+00
1.065000000000000000e+03,-9.193922160020249201e-01
1.066000000000000000e+03,1.520886878061595837e-01
1.067000000000000000e+03,7.023336393767407593e-01
1.068000000000000000e+03,3.159424317881116551e-01
1.069000000000000000e+03,1.054755747001177468e+00
1.070000000000000000e+03,-4.960448688904044445e-01
1.071000000000000000e+03,1.003187275129159062e+00
1.072000000000000000e+03,-4.939903713736701896e-01
1.073000000000000000e+03,9.061284366573971738e-01
1.074000000000000000e+03,-3.276569263424993217e-01
1.075000000000000000e+03,1.185382909225862313e+00
1.076000000000000000e+03,-9.787763361031229792e-01
1.077000000000000000e+03,-7.062691428678746774e-02
1.078000000000000000e+03,7.163859063978588182e-01
1.079000000000000000e+03,2.946785514581335974e-01
1.080000000000000000e+03,1.108773968197853677e+00
1.081000000000000000e+03,-6.164227951602434530e-01
1.082000000000000000e+03,7.649801001222122920e-01
1.083000000000000000e+03,1.978697213761315687e-02
1.084000000000000000e+03,1.239620114098093140e+00
1.085000000000000000e+03,-1.070695996727764721e+00
1.086000000000000000e+03,-2.561491621762161941e-01
1.087000000000000000e+03,6.069966397934072333e-01
1.088000000000000000e+03,3.928667150323765789e-01
1.089000000000000000e+03,9.045594158647833893e-01
1.090000000000000000e+03,-1.326218087955028935e-01
1.091000000000000000e+03,1.208261463862958962e+00
1.092000000000000000e+03,-1.149422551290589123e+00
1.093000000000000000e+03,-4.491660966639798858e-01
1.094000000000000000e+03,3.134539090842105580e-01
1.095000000000000000e+03,7.687788232427177348e-01
1.096000000000000000e+03,3.496028364350531881e-01
1.097000000000000000e+03,1.110399626784780658e+00
1.098000000000000000e+03,-5.684761317766811040e-01
1.099000000000000000e+03,7.695458548770623963e-01
1.100000000000000000e+03,-8.236906321845305357e-02
1.101000000000000000e+03,1.358270556337314972e+00
1.102000000000000000e+03,-1.335449837053070077e+00
1.103000000000000000e+03,-1.151712945304847580e+00
1.104000000000000000e+03,-8.857303826567495264e-01
1.105000000000000000e+03,-5.379281823270343210e-01
1.106000000000000000e+03,7.658701837825105940e-01
1.107000000000000000e+03,2.026049877199973537e-01
1.108000000000000000e+03,7.683254954238911694e-01
1.109000000000000000e+03,-9.189685633920690044e-01
1.110000000000000000e+03,5.233650476931206441e-01
1.111000000000000000e+03,-3.084234577052979986e-02
1.112000000000000000e+03,6.760279667285629124e-01
1.113000000000000000e+03,-4.910133144845829634e-01
1.114000000000000000e+03,8.226338794993885983e-01
1.115000000000000000e+03,-5.410432828446918307e-01
1.116000000000000000e+03,6.604402905655266665e-01
1.117000000000000000e+03,-4.056437921092830301e-01
1.118000000000000000e+03,9.611754368262932502e-01
1.119000000000000000e+03,-4.924671032250595992e-01
1.120000000000000000e+03,8.729095963286166437e-01
1.121000000000000000e+03,-3.848119085124857008e-01
1.122000000000000000e+03,1.098597127034661725e+00
1.123000000000000000e+03,-8.202810229769310624e-01
1.124000000000000000e+03,3.352428361131458701e-01
1.125000000000000000e+03,5.604407877779786773e-01
1.126000000000000000e+03,6.458240949801390407e-01
1.127000000000000000e+03,5.626753395168480054e-01
1.128000000000000000e+03,7.182411531591910148e-01
1.129000000000000000e+03,3.980598524010190431e-01
1.130000000000000000e+03,9.795788341323579118e-01
1.131000000000000000e+03,-2.191413658334413483e-01
1.132000000000000000e+03,1.222967158929709086e+00
1.133000000000000000e+03,-1.142425879325535298e+00
1.134000000000000000e+03,-5.114077336117084371e-01
1.135000000000000000e+03,2.431644103294350323e-01
1.136000000000000000e+03,7.899765592726559760e-01
1.137000000000000000e+03,2.412561476700370022e-01
1.138000000000000000e+03,1.159734583326429203e+00
1.139000000000000000e+03,-8.003559259857215835e-01
1.140000000000000000e+03,3.671831693111435868e-01
1.141000000000000000e+03,5.796811856564088039e-01
1.142000000000000000e+03,6.533137299253191088e-01
1.143000000000000000e+03,5.820524870517602700e-01
1.144000000000000000e+03,6.977730764185201551e-01
1.145000000000000000e+03,4.484224615659639923e-01
1.146000000000000000e+03,9.040127382549787427e-01
1.147000000000000000e+03,-9.329316275228372035e-03
1.148000000000000000e+03,1.299270775077346229e+00
1.149000000000000000e+03,-1.316398017951926569e+00
1.150000000000000000e+03,-1.100033022668304383e+00
1.151000000000000000e+03,-9.713722121239682927e-01
1.152000000000000000e+03,-7.252282506126652706e-01
1.153000000000000000e+03,2.843651697041611470e-01
1.154000000000000000e+03,-1.555331134757764744e-01
1.155000000000000000e+03,3.210145160286614896e-02
1.156000000000000000e+03,-1.186539565884437764e+00
1.157000000000000000e+03,7.946186596783619827e-01
1.158000000000000000e+03,-4.206272391265963861e-01
1.159000000000000000e+03,-6.069390574206088296e-01
1.160000000000000000e+03,-7.246144003796874955e-01
1.161000000000000000e+03,-4.527935291419522557e-01
1.162000000000000000e+03,-8.273360232485611476e-01
1.163000000000000000e+03,-1.606431386062796562e-01
1.164000000000000000e+03,-1.257649963207908783e+00
1.165000000000000000e+03,1.015865395396320814e+00
1.166000000000000000e+03,1.544252252881701537e-01
1.167000000000000000e+03,-6.409049861048674579e-01
1.168000000000000000e+03,-3.610006287114089218e-01
1.169000000000000000e+03,-9.699265755233597019e-01
1.170000000000000000e+03,2.223522645684754551e-01
1.171000000000000000e+03,-1.272016838583967413e+00
1.172000000000000000e+03,1.182302806100361536e+00
1.173000000000000000e+03,6.733057799671371413e-01
1.174000000000000000e+03,-1.239315201766055807e-02
1.175000000000000000e+03,-7.738264114179980169e-01
1.176000000000000000e+03,-1.261916361501027595e-01
1.177000000000000000e+03,-1.194909664386321069e+00
1.178000000000000000e+03,9.708418302314556492e-01
1.179000000000000000e+03,-3.927095007717085196e-02
1.180000000000000000e+03,-7.262082647752130526e-01
1.181000000000000000e+03,-3.218991015607950423e-01
1.182000000000000000e+03,-1.117347253501427939e+00
1.183000000000000000e+03,5.991708778397244473e-01
1.184000000000000000e+03,-7.980918750925294347e-01
1.185000000000000000e+03,6.906478645959124307e-02
1.186000000000000000e+03,-1.233270552576904322e+00
1.187000000000000000e+03,1.030596647987478409e+00
1.188000000000000000e+03,1.628386960614012224e-01
1.189000000000000000e+03,-6.838690215247655857e-01
1.190000000000000000e+03,-3.312433908687215656e-01
1.191000000000000000e+03,-1.042324206125643471e+00
1.192000000000000000e+03,4.447721202969954213e-01
1.193000000000000000e+03,-9.881607693979912455e-01
1.194000000000000000e+03,5.801374587300376362e-01
1.195000000000000000e+03,-8.954259875848187278e-01
1.196000000000000000e+03,2.206882101050320344e-01
1.197000000000000000e+03,-1.135446253429098107e+00
1.198000000000000000e+03,9.738127941604690641e-01
1.199000000000000000e+03,-6.867761422464546683e-02
1.200000000000000000e+03,-7.024704490961348746e-01
1.201000000000000000e+03,-3.278156443980830281e-01
1.202000000000000000e+03,-1.081312641273130204e+00
1.203000000000000000e+03,5.065750228085033058e-01
1.204000000000000000e+03,-9.379050554909262871e-01
1.205000000000000000e+03,3.669838575681660942e-01
1.206000000000000000e+03,-1.132698280240888700e+00
1.207000000000000000e+03,8.701091506486280380e-01
1.208000000000000000e+03,-2.368598032511437523e-01
1.209000000000000000e+03,-6.640165883379136602e-01
1.210000000000000000e+03,-4.424255549645854657e-01
1.211000000000000000e+03,-9.237395336954188352e-01
1.212000000000000000e+03,8.518746271961141758e-02
1.213000000000000000e+03,-1.292707664866695083e+00
1.214000000000000000e+03,1.332903128259622427e+00
1.215000000000000000e+03,1.077924680614316344e+00
1.216000000000000000e+03,8.785739366897091784e-01
1.217000000000000000e+03,3.797282977555571648e-01
1.218000000000000000e+03,-7.660822476146575966e-01
1.219000000000000000e+03,-8.041579273550425455e-03
1.220000000000000000e+03,-9.631667889654575987e-01
1.221000000000000000e+03,1.157859573015230570e+00
1.222000000000000000e+03,-3.578396013376874407e-01
1.223000000000000000e+03,-4.179901853482879126e-01
1.224000000000000000e+03,-5.148196355412655301e-01
1.225000000000000000e+03,-8.523398511072111106e-02
1.226000000000000000e+03,-5.825568228549808936e-01
1.227000000000000000e+03,1.295951578721648012e-01
1.228000000000000000e+03,-8.951952994004273023e-01
1.229000000000000000e+03,5.617330538403426665e-01
1.230000000000000000e+03,-1.081071359688926314e+00
1.231000000000000000e+03,5.261894940591593794e-01
1.232000000000000000e+03,-7.430805715330075500e-01
1.233000000000000000e+03,1.474496352793681631e-01
1.234000000000000000e+03,-1.400759846773843798e+00
1.235000000000000000e+03,1.321780798798866563e+00
1.236000000000000000e+03,1.165523131421522862e+00
1.237000000000000000e+03,7.487889305054968858e-01
1.238000000000000000e+03,5.758901548123223080e-01
1.239000000000000000e+03,-9.058134202929295498e-01
1.240000000000000000e+03,-9.079668312973154798e-02
1.241000000000000000e+03,-7.445659504311912258e-01
1.242000000000000000e+03,1.130087727847095547e+00
1.243000000000000000e+03,-3.875062180434731829e-01
1.244000000000000000e+03,-1.661746223529636524e-02
1.245000000000000000e+03,-4.721539068550502094e-01
1.246000000000000000e+03,5.393406111614078569e-01
1.247000000000000000e+03,-6.394141980656846691e-01
1.248000000000000000e+03,6.622517727040140301e-01
1.249000000000000000e+03,-3.762899800849401899e-01
1.250000000000000000e+03,6.228387175736775916e-01
1.251000000000000000e+03,-6.536080395849388491e-01
1.252000000000000000e+03,6.039502088367036947e-01
1.253000000000000000e+03,-4.882569100913789484e-01
1.254000000000000000e+03,6.627924085860636971e-01
1.255000000000000000e+03,-6.003622701158457531e-01
1.256000000000000000e+03,6.863065291122314449e-01
1.257000000000000000e+03,-4.793327849876112268e-01
1.258000000000000000e+03,6.189454296369794051e-01
1.259000000000000000e+03,-5.878878205532380719e-01
1.260000000000000000e+03,8.079268502178171829e-01
1.261000000000000000e+03,-4.544342503384961596e-01
1.262000000000000000e+03,6.882482112576262523e-01
1.263000000000000000e+03,-4.370491044463093999e-01
1.264000000000000000e+03,1.028476499281783418e+00
1.265000000000000000e+03,-6.780246467716266601e-01
1.266000000000000000e+03,4.778329818011526342e-01
1.267000000000000000e+03,1.268909288935775592e-01
1.268000000000000000e+03,1.062367680249534985e+00
1.269000000000000000e+03,-5.888319511478306012e-01
1.270000000000000000e+03,8.808239727667075414e-01
1.271000000000000000e+03,-2.236356041401004191e-01
1.272000000000000000e+03,1.165212609375926078e+00
1.273000000000000000e+03,-1.057217517275968799e+00
1.274000000000000000e+03,-1.802386007818554958e-01
1.275000000000000000e+03,6.036197010812385244e-01
1.276000000000000000e+03,4.388216912274449655e-01
1.277000000000000000e+03,9.472340869008801789e-01
1.278000000000000000e+03,-9.105613690984037945e-02
1.279000000000000000e+03,1.250533625052783648e+00
1.280000000000000000e+03,-1.239818751786540219e+00
1.281000000000000000e+03,-7.289642665669830990e-01
1.282000000000000000e+03,-1.337907057829497148e-01
1.283000000000000000e+03,7.975622663172892146e-01
1.284000000000000000e+03,1.602136534306737303e-01
1.285000000000000000e+03,1.231250619408799540e+00
1.286000000000000000e+03,-1.018799609119182215e+00
1.287000000000000000e+03,-9.623341158676801399e-02
1.288000000000000000e+03,6.834441937184028149e-01
1.289000000000000000e+03,3.510667015486972353e-01
1.290000000000000000e+03,1.089036396425395736e+00
1.291000000000000000e+03,-4.617766884988725451e-01
1.292000000000000000e+03,9.955773381910120179e-01
1.293000000000000000e+03,-5.403114767261323337e-01
1.294000000000000000e+03,9.405478851608037871e-01
1.295000000000000000e+03,-3.311161812375997826e-01
1.296000000000000000e+03,1.092728262868117639e+00
1.297000000000000000e+03,-8.117689211903100777e-01
1.298000000000000000e+03,3.849385553746103028e-01
1.299000000000000000e+03,5.237741544983851583e-01
1.300000000000000000e+03,7.098419583299291347e-01
1.301000000000000000e+03,4.442557484499447540e-01
1.302000000000000000e+03,9.385943895254040825e-01
1.303000000000000000e+03,-1.218276997297005337e-01
1.304000000000000000e+03,1.299237424623763459e+00
1.305000000000000000e+03,-1.356833607166105793e+00
1.306000000000000000e+03,-1.155663954102571722e+00
1.307000000000000000e+03,-1.068081719975759292e+00
1.308000000000000000e+03,-9.449670451735201482e-01
1.309000000000000000e+03,2.364701607158954388e-01
1.310000000000000000e+03,-3.431465987402404494e-02
1.311000000000000000e+03,-7.118947227489691443e-02
1.312000000000000000e+03,-9.747822968162616064e-01
1.313000000000000000e+03,3.282914360371265161e-01
1.314000000000000000e+03,-1.211275042802750335e+00
1.315000000000000000e+03,1.035969842402977292e+00
1.316000000000000000e+03,2.099038494833695978e-01
1.317000000000000000e+03,-6.335340404216847077e-01
1.318000000000000000e+03,-3.424297370616906644e-01
1.319000000000000000e+03,-9.473459081951602911e-01
1.320000000000000000e+03,1.646905693318441166e-01
1.321000000000000000e+03,-1.304861280301556903e+00
1.322000000000000000e+03,1.301616015424837514e+00
1.323000000000000000e+03,1.024200541801185693e+00
1.324000000000000000e+03,7.307580404916897976e-01
1.325000000000000000e+03,9.138074524752060057e-02
1.326000000000000000e+03,-8.961985237909422253e-01
1.327000000000000000e+03,2.959572764479379003e-02
1.328000000000000000e+03,-1.343366360898330392e+00
1.329000000000000000e+03,1.305505653210197181e+00
1.330000000000000000e+03,5.330854273145639866e-01
1.331000000000000000e+03,-4.803071582806124340e-01
1.332000000000000000e+03,-6.158249401797339928e-01
1.333000000000000000e+03,-5.966747604058979526e-01
1.334000000000000000e+03,-4.039839633072839220e-01
1.335000000000000000e+03,-6.081950437509902052e-01
1.336000000000000000e+03,-1.702200620620413218e-01
1.337000000000000000e+03,-9.891536876875690609e-01
1.338000000000000000e+03,3.485017331113406946e-01
1.339000000000000000e+03,-1.357320324267933032e+00
1.340000000000000000e+03,1.408551962541363167e+00
1.341000000000000000e+03,1.521226299713390517e+00
1.342000000000000000e+03,1.581840950051065953e+00
1.343000000000000000e+03,2.412040169597066352e+00
1.344000000000000000e+03,-6.016890413950832794e-01
1.345000000000000000e+03,-5.849955747001125417e-01
1.346000000000000000e+03,8.408586096351582384e-01
1.347000000000000000e+03,-4.192983667850107565e-01
1.348000000000000000e+03,6.247568215624230703e-01
1.349000000000000000e+03,-3.565454807740917609e-01
1.350000000000000000e+03,9.040616086552741848e-01
1.351000000000000000e+03,-5.297060534249431463e-01
1.352000000000000000e+03,7.708202425061454477e-01
1.353000000000000000e+03,-6.396861583256496786e-02
1.354000000000000000e+03,1.190171219244761325e+00
1.355000000000000000e+03,-9.331247725775506652e-01
1.356000000000000000e+03,7.685192239127935920e-02
1.357000000000000000e+03,7.351387367819204322e-01
1.358000000000000000e+03,2.837056525494934256e-01
1.359000000000000000e+03,1.071799473039101613e+00
1.360000000000000000e+03,-6.048830262126259072e-01
1.361000000000000000e+03,7.830784766399538910e-01
1.362000000000000000e+03,-2.137069930717272470e-02
1.363000000000000000e+03,1.225580794337085777e+00
1.364000000000000000e+03,-1.072617731848055422e+00
1.365000000000000000e+03,-2.388916947949972780e-01
1.366000000000000000e+03,5.728005248825867035e-01
1.367000000000000000e+03,4.555694508688268307e-01
1.368000000000000000e+03,8.583626458191422337e-01
1.369000000000000000e+03,8.126361064789788813e-02
1.370000000000000000e+03,1.262869698286252174e+00
1.371000000000000000e+03,-1.199645741579225877e+00
1.372000000000000000e+03,-6.481671705745633005e-01
1.373000000000000000e+03,2.144038309028584166e-02
1.374000000000000000e+03,8.490522531292539199e-01
1.375000000000000000e+03,1.334887459279903155e-01
1.376000000000000000e+03,1.289010503459440127e+00
1.377000000000000000e+03,-1.170418924572044439e+00
1.378000000000000000e+03,-5.256996905095423500e-01
1.379000000000000000e+03,2.846844034739000051e-01
1.380000000000000000e+03,6.796507390022457074e-01
1.381000000000000000e+03,3.566589966380422361e-01
1.382000000000000000e+03,9.327246229491379381e-01
1.383000000000000000e+03,-1.620662875463194652e-01
1.384000000000000000e+03,1.207498084793874327e+00
1.385000000000000000e+03,-1.168681420586682229e+00
1.386000000000000000e+03,-5.302698845489253188e-01
1.387000000000000000e+03,1.782933493884319986e-01
1.388000000000000000e+03,8.688950184733306159e-01
1.389000000000000000e+03,1.173885949270014883e-01
1.390000000000000000e+03,1.299456648937659331e+00
1.391000000000000000e+03,-1.201544754750725641e+00
1.392000000000000000e+03,-6.224326848964114589e-01
1.393000000000000000e+03,1.274110929012470805e-01
1.394000000000000000e+03,7.553515367757004384e-01
1.395000000000000000e+03,1.888229465640418603e-01
1.396000000000000000e+03,1.129564740627679420e+00
1.397000000000000000e+03,-7.560218562405065512e-01
1.398000000000000000e+03,4.484173563538629281e-01
1.399000000000000000e+03,4.324866972845491375e-01
1.400000000000000000e+03,7.555395296649038972e-01
1.401000000000000000e+03,2.407515858295594668e-01
1.402000000000000000e+03,1.305130118178894350e+00
1.403000000000000000e+03,-1.093875789742604354e+00
1.404000000000000000e+03,-4.311767929991798809e-01
1.405000000000000000e+03,3.916546806484628718e-01
1.406000000000000000e+03,6.615082156639831013e-01
1.407000000000000000e+03,4.891442539149539748e-01
1.408000000000000000e+03,8.740472606441880288e-01
1.409000000000000000e+03,6.843707431676016029e-02
1.410000000000000000e+03,1.306307211283293412e+00
1.411000000000000000e+03,-1.271318967891760465e+00
1.412000000000000000e+03,-8.743634334905134864e-01
1.413000000000000000e+03,-4.423863652496899945e-01
1.414000000000000000e+03,4.616455633205731601e-01
1.415000000000000000e+03,5.745757950609631237e-01
1.416000000000000000e+03,7.094487451953455093e-01
1.417000000000000000e+03,5.013307058003508843e-01
1.418000000000000000e+03,9.011396937559554843e-01
1.419000000000000000e+03,-1.307247668843469768e-02
1.420000000000000000e+03,1.301920650224920095e+00
1.421000000000000000e+03,-1.336620687694259235e+00
1.422000000000000000e+03,-1.127065332477041437e+00
1.423000000000000000e+03,-1.090920324146271270e+00
1.424000000000000000e+03,-8.191356350478313786e-01
1.425000000000000000e+03,3.739159736229327180e-01
1.426000000000000000e+03,1.396812706660224279e-01
1.427000000000000000e+03,3.853717752742014113e-03
1.428000000000000000e+03,-7.402185359883877158e-01
1.429000000000000000e+03,-1.751457009420187561e-02
1.430000000000000000e+03,-1.241520067894546830e+00
1.431000000000000000e+03,1.055889623454733695e+00
1.432000000000000000e+03,2.258086187934065237e-01
1.433000000000000000e+03,-6.714806437023810304e-01
1.434000000000000000e+03,-2.529799816689408676e-01
1.435000000000000000e+03,-1.007756761617612185e+00
1.436000000000000000e+03,3.963492445691136901e-01
1.437000000000000000e+03,-1.106390944684352284e+00
1.438000000000000000e+03,7.759827330130697476e-01
1.439000000000000000e+03,-4.707764936059533056e-01
1.440000000000000000e+03,-4.742371636422491044e-01
1.441000000000000000e+03,-8.317206429374499610e-01
1.442000000000000000e+03,-1.282151225318344245e-01
1.443000000000000000e+03,-1.236447590981965661e+00
1.444000000000000000e+03,1.089801201981551060e+00
1.445000000000000000e+03,2.902381004123117947e-01
1.446000000000000000e+03,-5.004054382597806772e-01
1.447000000000000000e+03,-5.758960482801791514e-01
1.448000000000000000e+03,-7.161757486446944654e-01
1.449000000000000000e+03,-5.035008885634395526e-01
1.450000000000000000e+03,-9.107672885186062217e-01
1.451000000000000000e+03,-3.951319986120260808e-02
1.452000000000000000e+03,-1.279897789252920859e+00
1.453000000000000000e+03,1.266077345046769942e+00
1.454000000000000000e+03,8.575926399401474498e-01
1.455000000000000000e+03,4.447117972973364530e-01
1.456000000000000000e+03,-5.080184220644143878e-01
1.457000000000000000e+03,-5.211089816650149587e-01
1.458000000000000000e+03,-7.354671919100534971e-01
1.459000000000000000e+03,-3.095145140198241052e-01
1.460000000000000000e+03,-1.019511160577491360e+00
1.461000000000000000e+03,5.008003342323279483e-01
1.462000000000000000e+03,-1.064574462442829272e+00
1.463000000000000000e+03,6.881272453051252569e-01
1.464000000000000000e+03,-5.802176615437684148e-01
1.465000000000000000e+03,-2.972158353254163998e-01
1.466000000000000000e+03,-1.056152765327646570e+00
1.467000000000000000e+03,4.145836912086533488e-01
1.468000000000000000e+03,-1.143278576794761747e+00
1.469000000000000000e+03,8.252918236051591805e-01
1.470000000000000000e+03,-2.575947872366910474e-01
1.471000000000000000e+03,-6.445455484097570853e-01
1.472000000000000000e+03,-5.494467932578492864e-01
1.473000000000000000e+03,-8.220908195746252645e-01
1.474000000000000000e+03,-2.236098809674684773e-01
1.475000000000000000e+03,-1.128872016594405281e+00
1.476000000000000000e+03,7.997038724454448300e-01
1.477000000000000000e+03,-4.707720434889104411e-01
1.478000000000000000e+03,-4.749862876563213376e-01
1.479000000000000000e+03,-7.871325560014232892e-01
1.480000000000000000e+03,-2.444009932152226838e-01
1.481000000000000000e+03,-1.140158180086675799e+00
1.482000000000000000e+03,7.892339046658749524e-01
1.483000000000000000e+03,-4.760509828864805115e-01
1.484000000000000000e+03,-4.515257203029654498e-01
1.485000000000000000e+03,-8.721610508195918321e-01
1.486000000000000000e+03,-1.356843812034345120e-01
1.487000000000000000e+03,-1.251100289389006193e+00
1.488000000000000000e+03,1.139909218526138801e+00
1.489000000000000000e+03,4.710607992981259429e-01
1.490000000000000000e+03,-2.883249992523220229e-01
1.491000000000000000e+03,-8.033625984715433432e-01
1.492000000000000000e+03,-3.128890878516088492e-01
1.493000000000000000e+03,-1.163918612120909302e+00
1.494000000000000000e+03,7.399728273456198657e-01
1.495000000000000000e+03,-5.011721499261057033e-01
1.496000000000000000e+03,-4.719117758260908957e-01
1.497000000000000000e+03,-8.275286950167788369e-01
1.498000000000000000e+03,-1.561589502076259350e-01
1.499000000000000000e+03,-1.259544556888344324e+00
1.500000000000000000e+03,1.129638742203296964e+00
1.501000000000000000e+03,4.778564169350900670e-01
1.502000000000000000e+03,-2.894587650092690367e-01
1.503000000000000000e+03,-7.782709912547405295e-01
1.504000000000000000e+03,-3.277318097511727757e-01
1.505000000000000000e+03,-1.134579379897441509e+00
1.506000000000000000e+03,6.593601771285388935e-01
1.507000000000000000e+03,-6.787068634315254201e-01
1.508000000000000000e+03,-1.987447004391884597e-01
1.509000000000000000e+03,-1.158677096376079518e+00
1.510000000000000000e+03,7.836101354406004305e-01
1.511000000000000000e+03,-4.486414041826236598e-01
1.512000000000000000e+03,-4.730922478407526555e-01
1.513000000000000000e+03,-8.406975390345579058e-01
1.514000000000000000e+03,-1.857560187273294972e-01
1.515000000000000000e+03,-1.244423743085818934e+00
1.516000000000000000e+03,1.012136752080999180e+00
1.517000000000000000e+03,1.246075279463418894e-01
1.518000000000000000e+03,-6.717143591264882474e-01
1.519000000000000000e+03,-3.152504279809522636e-01
1.520000000000000000e+03,-1.036302987682671706e+00
1.521000000000000000e+03,3.854213286346550582e-01
1.522000000000000000e+03,-1.125366571654321746e+00
1.523000000000000000e+03,8.647618013755682398e-01
1.524000000000000000e+03,-2.386291548412096120e-01
1.525000000000000000e+03,-6.756311887805757088e-01
1.526000000000000000e+03,-4.956316868037939916e-01
1.527000000000000000e+03,-9.057849977324190505e-01
1.528000000000000000e+03,-1.279132768677637699e-02
1.529000000000000000e+03,-1.240208351216425697e+00
1.530000000000000000e+03,1.191777949543665116e+00
1.531000000000000000e+03,5.644848676612195248e-01
1.532000000000000000e+03,-1.485368181461246273e-01
1.533000000000000000e+03,-8.904367349594224379e-01
1.534000000000000000e+03,-9.721473596651630800e-02
1.535000000000000000e+03,-1.272088635463395789e+00
1.536000000000000000e+03,1.235758703251126356e+00
1.537000000000000000e+03,7.009500259995249394e-01
1.538000000000000000e+03,6.087757093894818894e-02
1.539000000000000000e+03,-7.269685478381910926e-01
1.540000000000000000e+03,-1.232019989526991210e-01
1.541000000000000000e+03,-1.097224588174122051e+00
1.542000000000000000e+03,8.203859279680409955e-01
1.543000000000000000e+03,-3.541347406125154862e-01
1.544000000000000000e+03,-4.106052046528514410e-01
1.545000000000000000e+03,-6.643103358210260545e-01
1.546000000000000000e+03,-3.441798293692377442e-01
1.547000000000000000e+03,-1.182686093058541665e+00
1.548000000000000000e+03,6.046534582131100066e-01
1.549000000000000000e+03,-7.786397719728483935e-01
1.550000000000000000e+03,1.026873449752674361e-02
1.551000000000000000e+03,-1.311380960947803764e+00
1.552000000000000000e+03,1.250115618193420985e+00
1.553000000000000000e+03,8.378459808727267699e-01
1.554000000000000000e+03,2.833251683245250341e-01
1.555000000000000000e+03,-5.347073369398920306e-01
1.556000000000000000e+03,-4.262047907219628229e-01
1.557000000000000000e+03,-9.905083489385164697e-01
1.558000000000000000e+03,2.858742186258256268e-02
1.559000000000000000e+03,-1.339600788956447630e+00
1.560000000000000000e+03,1.376623689661131245e+00
1.561000000000000000e+03,1.269302363130105249e+00
1.562000000000000000e+03,1.230373200123638711e+00
1.563000000000000000e+03,1.163346611455885693e+00
1.564000000000000000e+03,-3.004019817360905620e-01
1.565000000000000000e+03,-4.658100147723391871e-01
1.566000000000000000e+03,6.971631734768557465e-03
1.567000000000000000e+03,-2.720524562142090375e-02
1.568000000000000000e+03,6.130557962009282047e-01
1.569000000000000000e+03,1.074236230378615709e-01
1.570000000000000000e+03,1.018126847181481942e+00
1.571000000000000000e+03,-6.207527400447023780e-01
1.572000000000000000e+03,9.201283390147754204e-01
1.573000000000000000e+03,-6.799056554709892453e-02
1.574000000000000000e+03,1.161775298284399405e+00
1.575000000000000000e+03,-1.115315953116494008e+00
1.576000000000000000e+03,-3.307574028423569956e-01
1.577000000000000000e+03,3.858234229312555996e-01
1.578000000000000000e+03,7.147957078540818632e-01
1.579000000000000000e+03,4.559396194628480004e-01
1.580000000000000000e+03,9.435493169696540505e-01
1.581000000000000000e+03,-5.611961426744738191e-02
1.582000000000000000e+03,1.271864030960161429e+00
1.583000000000000000e+03,-1.241596228450650763e+00
1.584000000000000000e+03,-7.849309226860405886e-01
1.585000000000000000e+03,-2.316363870774624800e-01
1.586000000000000000e+03,7.323322886390712938e-01
1.587000000000000000e+03,2.444884184067834809e-01
1.588000000000000000e+03,1.199548699741042057e+00
1.589000000000000000e+03,-8.035521691295617330e-01
1.590000000000000000e+03,4.270119011132909037e-01
1.591000000000000000e+03,5.862893440544154622e-01
1.592000000000000000e+03,6.594106443686851282e-01
1.593000000000000000e+03,5.443931286810288483e-01
1.594000000000000000e+03,7.025424710003473905e-01
1.595000000000000000e+03,4.062415144751039264e-01
1.596000000000000000e+03,9.278499929802208612e-01
1.597000000000000000e+03,-1.317865932036497156e-01
1.598000000000000000e+03,1.280733452172562181e+00
1.599000000000000000e+03,-1.339086523789317695e+00
1.600000000000000000e+03,-1.100265032776082563e+00
1.601000000000000000e+03,-9.202084356844042468e-01
1.602000000000000000e+03,-6.338039620920463690e-01
1.603000000000000000e+03,4.322302623977671843e-01
1.604000000000000000e+03,-1.029235681975890770e-01
1.605000000000000000e+03,2.211209548898636079e-01
1.606000000000000000e+03,-1.147475026397658748e+00
1.607000000000000000e+03,7.490952762611824411e-01
1.608000000000000000e+03,-4.208473514241335423e-01
1.609000000000000000e+03,-3.534437471561067134e-01
1.610000000000000000e+03,-9.877831956467808538e-01
1.611000000000000000e+03,9.835629446681437571e-02
1.612000000000000000e+03,-1.321471715769462207e+00
1.613000000000000000e+03,1.177261955278510186e+00
1.614000000000000000e+03,7.489816523650087987e-01
1.615000000000000000e+03,1.266236855203688449e-01
1.616000000000000000e+03,-5.919108898224623161e-01
1.617000000000000000e+03,-2.372255338938149549e-01
1.618000000000000000e+03,-9.349314855542387726e-01
1.619000000000000000e+03,3.838481951765357891e-01
1.620000000000000000e+03,-1.106242070908756148e+00
1.621000000000000000e+03,8.547364548860976186e-01
1.622000000000000000e+03,-2.878123808899601954e-01
1.623000000000000000e+03,-5.686339995488403076e-01
1.624000000000000000e+03,-6.494886670888286861e-01
1.625000000000000000e+03,-5.864198285434722990e-01
1.626000000000000000e+03,-6.880403387956457451e-01
1.627000000000000000e+03,-4.803112413860342045e-01
1.628000000000000000e+03,-9.146791304144628043e-01
1.629000000000000000e+03,2.859191099581170903e-02
1.630000000000000000e+03,-1.278886892225138183e+00
1.631000000000000000e+03,1.274595008717742672e+00
1.632000000000000000e+03,9.584382515228604404e-01
1.633000000000000000e+03,6.232669312604004475e-01
1.634000000000000000e+03,-6.076335304758284650e-02
1.635000000000000000e+03,-7.292153475154790065e-01
1.636000000000000000e+03,-8.488758823110398311e-02
1.637000000000000000e+03,-1.055097138711303284e+00
1.638000000000000000e+03,8.952974830944997464e-01
1.639000000000000000e+03,-4.276880931111985973e-01
1.640000000000000000e+03,-3.608808705320853960e-01
1.641000000000000000e+03,-8.465642711527721076e-01
1.642000000000000000e+03,1.215762360878134274e-01
1.643000000000000000e+03,-1.084499719686090380e+00
1.644000000000000000e+03,9.257445858920378967e-01
1.645000000000000000e+03,-2.190358219954617880e-01
1.646000000000000000e+03,-6.655420281128763271e-01
1.647000000000000000e+03,-4.811786023263464607e-01
1.648000000000000000e+03,-9.704388406191348793e-01
1.649000000000000000e+03,1.299137719849676742e-01
1.650000000000000000e+03,-1.267630673773746608e+00
1.651000000000000000e+03,1.261094537693381312e+00
1.652000000000000000e+03,8.344736024186421020e-01
1.653000000000000000e+03,3.259983009765878847e-01
1.654000000000000000e+03,-6.058088803793824084e-01
1.655000000000000000e+03,-3.759410522797637100e-01
1.656000000000000000e+03,-9.673747201731059953e-01
1.657000000000000000e+03,2.338093368581857234e-01
1.658000000000000000e+03,-1.193464301073049683e+00
1.659000000000000000e+03,1.084075433744546402e+00
1.660000000000000000e+03,2.591881167531919772e-01
1.661000000000000000e+03,-5.038715360529275600e-01
1.662000000000000000e+03,-5.913833923461080389e-01
1.663000000000000000e+03,-6.826702075916442070e-01
1.664000000000000000e+03,-5.288766939518199095e-01
1.665000000000000000e+03,-8.079113384187239788e-01
1.666000000000000000e+03,-2.636778183113008822e-01
1.667000000000000000e+03,-1.204152854769974468e+00
1.668000000000000000e+03,8.728294335607245102e-01
1.669000000000000000e+03,-2.325463676514942790e-01
1.670000000000000000e+03,-6.791539358342846278e-01
1.671000000000000000e+03,-3.968524656550993512e-01
1.672000000000000000e+03,-9.443335750001260465e-01
1.673000000000000000e+03,1.203598828228464868e-01
1.674000000000000000e+03,-1.287098054403790215e+00
1.675000000000000000e+03,1.317946762619347290e+00
1.676000000000000000e+03,1.059328305823090233e+00
1.677000000000000000e+03,7.833938655838919018e-01
1.678000000000000000e+03,3.331283788297039195e-01
1.679000000000000000e+03,-7.719811162440066710e-01
1.680000000000000000e+03,1.139399170800938776e-01
1.681000000000000000e+03,-9.595257773110139610e-01
1.682000000000000000e+03,1.200649800728739836e+00
1.683000000000000000e+03,-3.167879979492234099e-01
1.684000000000000000e+03,-4.025152803768676790e-01
1.685000000000000000e+03,-4.878082260096734402e-01
1.686000000000000000e+03,1.596182049981909046e-03
1.687000000000000000e+03,-5.218831840095146113e-01
1.688000000000000000e+03,2.160666336456118497e-01
1.689000000000000000e+03,-7.296645694062489085e-01
1.690000000000000000e+03,4.425266628759390031e-01
1.691000000000000000e+03,-1.198636417678368815e+00
1.692000000000000000e+03,7.150797398756467693e-01
1.693000000000000000e+03,-3.374738780578478980e-01
1.694000000000000000e+03,-4.323975307063339102e-01
1.695000000000000000e+03,-8.697698515759451077e-01
1.696000000000000000e+03,-1.479850724102753645e-01
1.697000000000000000e+03,-1.320069378580666530e+00
1.698000000000000000e+03,1.230896472162767097e+00
1.699000000000000000e+03,8.324932594559069088e-01
1.700000000000000000e+03,3.490233729391700734e-01
1.701000000000000000e+03,-4.938968327734425401e-01
1.702000000000000000e+03,-4.212642220894604606e-01
1.703000000000000000e+03,-7.670917730915207677e-01
1.704000000000000000e+03,-1.035480951879543809e-01
1.705000000000000000e+03,-1.172627649115170811e+00
1.706000000000000000e+03,9.769890794299627146e-01
1.707000000000000000e+03,-9.034308712692151744e-02
1.708000000000000000e+03,-7.319342767640169001e-01
1.709000000000000000e+03,-3.425299994142445570e-01
1.710000000000000000e+03,-1.107785563836145570e+00
1.711000000000000000e+03,5.721865998530559771e-01
1.712000000000000000e+03,-8.447342936008386260e-01
1.713000000000000000e+03,2.165199695274959701e-01
1.714000000000000000e+03,-1.238445862985243728e+00
1.715000000000000000e+03,1.033124104118833486e+00
1.716000000000000000e+03,2.565720166103151456e-01
1.717000000000000000e+03,-6.480111459202753110e-01
1.718000000000000000e+03,-3.590094196267754612e-01
1.719000000000000000e+03,-9.789716044051708366e-01
1.720000000000000000e+03,2.898106252313001896e-01
1.721000000000000000e+03,-1.128092385427827082e+00
1.722000000000000000e+03,9.596917480854578741e-01
1.723000000000000000e+03,-9.007389238957053124e-02
1.724000000000000000e+03,-7.105986252927278812e-01
1.725000000000000000e+03,-3.653842544556815675e-01
1.726000000000000000e+03,-1.067225102120319846e+00
1.727000000000000000e+03,4.345345893198340192e-01
1.728000000000000000e+03,-9.793493164150195440e-01
1.729000000000000000e+03,5.532072006761064031e-01
1.730000000000000000e+03,-9.271247420369714831e-01
1.731000000000000000e+03,3.063061254502010833e-01
1.732000000000000000e+03,-1.095598649572546712e+00
1.733000000000000000e+03,8.344058537250491625e-01
1.734000000000000000e+03,-3.575268065600738510e-01
1.735000000000000000e+03,-5.768905476751489125e-01
1.736000000000000000e+03,-6.153994192778480254e-01
1.737000000000000000e+03,-6.250626228602813583e-01
1.738000000000000000e+03,-6.285073316736466964e-01
1.739000000000000000e+03,-6.526549963848999880e-01
1.740000000000000000e+03,-6.213059661739528394e-01
1.741000000000000000e+03,-6.717726026231503056e-01
1.742000000000000000e+03,-5.333315762873445109e-01
1.743000000000000000e+03,-7.725134857088100659e-01
1.744000000000000000e+03,-3.542850433268487365e-01
1.745000000000000000e+03,-1.089915769191705408e+00
1.746000000000000000e+03,5.158855054788791250e-01
1.747000000000000000e+03,-9.150517283090415788e-01
1.748000000000000000e+03,3.713260494236569897e-01
1.749000000000000000e+03,-1.173887512689930190e+00
1.750000000000000000e+03,8.940991463374725612e-01
1.751000000000000000e+03,-1.522906263529968385e-01
1.752000000000000000e+03,-7.475775423087731575e-01
1.753000000000000000e+03,-2.393090660418748516e-01
1.754000000000000000e+03,-1.053685382628214207e+00
1.755000000000000000e+03,6.065440103702677277e-01
1.756000000000000000e+03,-8.722647098284586065e-01
1.757000000000000000e+03,2.151776373882698934e-01
1.758000000000000000e+03,-1.153468736374773762e+00
1.759000000000000000e+03,1.029160492722063669e+00
1.760000000000000000e+03,2.666030840279276504e-02
1.761000000000000000e+03,-7.325961816096824286e-01
1.762000000000000000e+03,-2.479770266300684867e-01
1.763000000000000000e+03,-1.152167535353747496e+00
1.764000000000000000e+03,7.629176639728987297e-01
1.765000000000000000e+03,-4.964688654100903875e-01
1.766000000000000000e+03,-4.911181929212466990e-01
1.767000000000000000e+03,-7.627969676382173603e-01
1.768000000000000000e+03,-3.004216040391947118e-01
1.769000000000000000e+03,-1.134311739102386696e+00
1.770000000000000000e+03,6.776941627776409405e-01
1.771000000000000000e+03,-6.615747660159687626e-01
1.772000000000000000e+03,-1.659133970422854709e-01
1.773000000000000000e+03,-1.147627886320466750e+00
1.774000000000000000e+03,7.636700665959543777e-01
1.775000000000000000e+03,-4.717781609032840606e-01
1.776000000000000000e+03,-4.231104347806966537e-01
1.777000000000000000e+03,-9.103241431389967886e-01
1.778000000000000000e+03,-7.789569741600388397e-03
1.779000000000000000e+03,-1.296704403134611994e+00
1.780000000000000000e+03,1.245772798523038460e+00
1.781000000000000000e+03,8.594999774028622141e-01
1.782000000000000000e+03,4.382009974761613691e-01
1.783000000000000000e+03,-4.857151880154653156e-01
1.784000000000000000e+03,-5.506634943964678897e-01
1.785000000000000000e+03,-7.245940946318203402e-01
1.786000000000000000e+03,-4.322401385011236385e-01
1.787000000000000000e+03,-9.601707539094901378e-01
1.788000000000000000e+03,1.811398040695610945e-01
1.789000000000000000e+03,-1.289648966653953011e+00
1.790000000000000000e+03,1.311849079057426426e+00
1.791000000000000000e+03,1.076263479125648459e+00
1.792000000000000000e+03,9.320034278852746823e-01
1.793000000000000000e+03,4.891337327554312608e-01
1.794000000000000000e+03,-6.992867800152389179e-01
1.795000000000000000e+03,-1.113277063832853742e-01
1.796000000000000000e+03,-7.160893542020172475e-01
1.797000000000000000e+03,9.996724467555146987e-01
1.798000000000000000e+03,-6.059442461483204312e-01
1.799000000000000000e+03,1.616549113160159479e-02
1.800000000000000000e+03,-4.931758005697113312e-01
1.801000000000000000e+03,6.272377436771163772e-01
1.802000000000000000e+03,-6.243487463182895159e-01
1.803000000000000000e+03,6.543546025747168926e-01
1.804000000000000000e+03,-3.804628126667042309e-01
1.805000000000000000e+03,6.094242108126315394e-01
1.806000000000000000e+03,-6.699651959740124951e-01
1.807000000000000000e+03,5.822728622982147328e-01
1.808000000000000000e+03,-4.881209664008157034e-01
1.809000000000000000e+03,6.286680849021046846e-01
1.810000000000000000e+03,-6.610817108873159320e-01
1.811000000000000000e+03,6.441479845575148744e-01
1.812000000000000000e+03,-4.926948279799674424e-01
1.813000000000000000e+03,5.237260789740929567e-01
1.814000000000000000e+03,-6.585346722973741684e-01
1.815000000000000000e+03,7.483852947422766633e-01
1.816000000000000000e+03,-5.133635974455899031e-01
1.817000000000000000e+03,4.932602302224644575e-01
1.818000000000000000e+03,-4.928418108657792729e-01
1.819000000000000000e+03,8.629600894438129721e-01
1.820000000000000000e+03,-6.309447541249646463e-01
1.821000000000000000e+03,5.069580833822113775e-01
1.822000000000000000e+03,-2.393083959267330307e-01
1.823000000000000000e+03,8.985756989217583701e-01
1.824000000000000000e+03,-7.234253414968221385e-01
1.825000000000000000e+03,6.285638946524239046e-01
1.826000000000000000e+03,-4.945029685140323039e-03
1.827000000000000000e+03,9.213857714446973546e-01
1.828000000000000000e+03,-6.823415662111860236e-01
1.829000000000000000e+03,7.930563230296954202e-01
1.830000000000000000e+03,-5.791272614583986567e-02
1.831000000000000000e+03,1.058340757628941198e+00
1.832000000000000000e+03,-8.888573317047199218e-01
1.833000000000000000e+03,3.550548935570176923e-01
1.834000000000000000e+03,5.543008910208158113e-01
1.835000000000000000e+03,5.894905112222126320e-01
1.836000000000000000e+03,5.947036831625966968e-01
1.837000000000000000e+03,6.263157102017213873e-01
1.838000000000000000e+03,6.363228422358515601e-01
1.839000000000000000e+03,6.488287488756316890e-01
1.840000000000000000e+03,6.126314554353324837e-01
1.841000000000000000e+03,6.351259959637065577e-01
1.842000000000000000e+03,5.817258130645681646e-01
