t,original,RCoutput
0.000000000000000000e+00,1.755190162801700537e-01,1.703697765216247717e-01
1.000000000000000000e+00,5.643771556964246594e-01,5.481258789036349555e-01
2.000000000000000000e+00,9.588367691153093508e-01,9.689375679629392835e-01
3.000000000000000000e+00,1.539283953005147754e-01,1.192610870078745222e-01
4.000000000000000000e+00,5.079143332408205813e-01,4.108676387320464585e-01
5.000000000000000000e+00,9.747557169844776048e-01,9.450515060247752785e-01
6.000000000000000000e+00,9.596733584316294308e-02,1.999230244365470810e-01
7.000000000000000000e+00,3.383546645478812120e-01,6.216564319166240082e-01
8.000000000000000000e+00,8.730960635536306746e-01,9.209923458347937242e-01
9.000000000000000000e+00,4.321173767070621841e-01,2.829607774695688249e-01
1.000000000000000000e+01,9.570286028739894979e-01,7.925753518020890453e-01
1.100000000000000000e+01,1.603869390046918919e-01,6.413237972306973234e-01
1.200000000000000000e+01,5.251855783254487653e-01,8.974759671410907913e-01
1.300000000000000000e+01,9.725261779132093887e-01,3.556936511268329326e-01
1.400000000000000000e+01,1.042041436282625522e-01,8.930419819899828582e-01
1.500000000000000000e+01,3.640479963079555903e-01,3.660219491350691357e-01
1.600000000000000000e+01,9.029165054992615014e-01,9.090542724448429368e-01
1.700000000000000000e+01,3.418673294254279682e-01,3.233646219297163782e-01
1.800000000000000000e+01,8.774768281381200019e-01,8.533401544115566395e-01
1.900000000000000000e+01,4.192938524532584532e-01,4.890807594419896986e-01
2.000000000000000000e+01,9.495974192178379125e-01,9.762929355942482346e-01
2.100000000000000000e+01,1.866624264673728828e-01,9.268976648608884261e-02
2.200000000000000000e+01,5.920963035494734017e-01,3.305604479677652918e-01
2.300000000000000000e+01,9.419212564028406343e-01,8.558220833891176937e-01
2.400000000000000000e+01,2.133518522434056652e-01,4.905500616889177934e-01
2.500000000000000000e+01,6.545480736120832255e-01,9.743150067770418588e-01
2.600000000000000000e+01,8.818480824768969439e-01,9.851501510311777565e-02
2.700000000000000000e+01,4.063489634439959586e-01,3.465878812504845641e-01
2.800000000000000000e+01,9.407949850727453933e-01,8.771217920107146071e-01
2.900000000000000000e+01,2.172291464254008375e-01,4.207181955064012158e-01
3.000000000000000000e+01,6.631585130379011872e-01,9.513982471262849572e-01
3.100000000000000000e+01,8.711792685307180317e-01,1.742101846373849128e-01
3.200000000000000000e+01,4.376812073907043743e-01,5.656112365112555551e-01
3.300000000000000000e+01,9.598538355421063484e-01,9.584138953660099602e-01
3.400000000000000000e+01,1.502843547551322712e-01,1.565188483418626930e-01
3.500000000000000000e+01,4.980259731367667198e-01,5.127689094901857203e-01
3.600000000000000000e+01,9.749848025499787685e-01,9.749152475207747415e-01
3.700000000000000000e+01,9.511880565157496137e-02,9.592768140445073755e-02
3.800000000000000000e+01,3.356777520056721809e-01,3.407128638669352227e-01
3.900000000000000000e+01,8.696929753749534919e-01,8.684505381729632489e-01
4.000000000000000000e+01,4.419757054378147254e-01,4.456845885625746462e-01
4.100000000000000000e+01,9.618694068381868911e-01,9.670077746363467952e-01
4.200000000000000000e+01,1.430389390050714471e-01,1.232433655595137623e-01
4.300000000000000000e+01,4.780573236401621240e-01,4.234376326081719100e-01
4.400000000000000000e+01,9.731222239212528047e-01,9.483970425705612328e-01
4.500000000000000000e+01,1.020059088040508877e-01,1.891669186673272662e-01
4.600000000000000000e+01,3.572427431551311039e-01,5.954995556181126304e-01
4.700000000000000000e+01,8.955194259106997734e-01,9.421754468091290136e-01
4.800000000000000000e+01,3.649010965363548298e-01,2.073336181208347284e-01
4.900000000000000000e+01,9.038183165033907285e-01,6.453259652693699167e-01
5.000000000000000000e+01,3.390299922998326609e-01,8.862572710745304505e-01
5.100000000000000000e+01,8.739457608219314277e-01,3.919510425881220783e-01
5.200000000000000000e+01,4.296418150568966920e-01,9.300115461164768504e-01
5.300000000000000000e+01,9.556939306648969401e-01,2.532920769895348201e-01
5.400000000000000000e+01,1.651378620651867968e-01,7.387019632758011767e-01
5.500000000000000000e+01,5.376826594531319836e-01,7.510681109036010383e-01
5.600000000000000000e+01,9.694620669885032349e-01,7.281724034069760876e-01
5.700000000000000000e+01,1.154609338696401949e-01,7.717124455501007674e-01
5.800000000000000000e+01,3.983058558164039864e-01,6.859296625539634817e-01
5.900000000000000000e+01,9.346673740511872719e-01,8.395885322770730852e-01
6.000000000000000000e+01,2.381506683482364495e-01,5.241938309859079936e-01
6.100000000000000000e+01,7.075962173027464663e-01,9.731161074161409630e-01
6.200000000000000000e+01,8.069248611902043455e-01,1.017436400952611564e-01
6.300000000000000000e+01,6.076088053751578233e-01,3.592281141866857652e-01
6.400000000000000000e+01,9.298393455223523674e-01,8.986715561661213769e-01
6.500000000000000000e+01,2.544287344595715372e-01,3.549703260479013522e-01
6.600000000000000000e+01,7.398095388094022562e-01,8.906861672654020623e-01
6.700000000000000000e+01,7.507164018744849621e-01,3.775981068331226709e-01
6.800000000000000000e+01,7.298510147413357352e-01,9.183913166826176422e-01
6.900000000000000000e+01,7.689571929872751621e-01,2.930571296286963445e-01
7.000000000000000000e+01,6.928819105275818568e-01,8.072348081070650494e-01
7.100000000000000000e+01,8.299066175057966399e-01,6.051278043356091985e-01
7.200000000000000000e+01,5.505303325309475193e-01,9.382779526217532862e-01
7.300000000000000000e+01,9.650420734278162271e-01,2.162521968644171011e-01
7.400000000000000000e+01,1.315698927736345669e-01,6.612673327096381115e-01
7.500000000000000000e+01,4.456110987477586161e-01,8.738003160944742831e-01
7.600000000000000000e+01,9.634632049402384046e-01,4.339870045513798402e-01
7.700000000000000000e+01,1.372872448994380545e-01,9.573081320270073746e-01
7.800000000000000000e+01,4.619138834207031641e-01,1.620893774937144372e-01
7.900000000000000000e+01,9.693428461232419524e-01,5.262396995099098973e-01
8.000000000000000000e+01,1.158974418924458155e-01,9.743611594340935156e-01
8.100000000000000000e+01,3.996143769354085773e-01,9.915477667207817092e-02
8.200000000000000000e+01,9.356986340595416785e-01,3.474045015146707271e-01
8.300000000000000000e+01,2.346501310867333823e-01,8.840681298171260138e-01
8.400000000000000000e+01,7.003988435640776666e-01,4.024565210959600847e-01
8.500000000000000000e+01,8.183771836429033497e-01,9.360660843747297122e-01
8.600000000000000000e+01,5.796802788488906177e-01,2.353141358488279877e-01
8.700000000000000000e+01,9.502391073339957472e-01,6.983196329280740855e-01
8.800000000000000000e+01,1.844105102856379574e-01,8.215494873507758200e-01
8.900000000000000000e+01,5.865727685291314275e-01,5.705920669179196381e-01
9.000000000000000000e+01,9.457701074218854975e-01,9.580424069991817504e-01
9.100000000000000000e+01,2.000271441834145791e-01,1.551332691682620890e-01
9.200000000000000000e+01,6.240635145156440133e-01,5.107387858984413498e-01
9.300000000000000000e+01,9.149721530275036763e-01,9.782235135862000774e-01
9.400000000000000000e+01,3.034126376257004765e-01,8.480015250272465721e-02
9.500000000000000000e+01,8.242782949233916634e-01,3.023240411017216189e-01
9.600000000000000000e+01,5.648899910221534260e-01,8.219131730132573921e-01
9.700000000000000000e+01,9.585782273540648379e-01,5.803554166053768171e-01
9.800000000000000000e+01,1.548534366475341206e-01,9.422280609264959139e-01
9.900000000000000000e+01,5.104080142433308209e-01,2.043155335308348697e-01
1.000000000000000000e+02,9.745775256340913906e-01,6.303647762205706329e-01
1.010000000000000000e+02,9.662707143579098157e-02,9.067959170088588650e-01
1.020000000000000000e+02,3.404320939559807857e-01,3.222221281220587485e-01
1.030000000000000000e+02,8.756985251068354348e-01,8.547497261670233826e-01
1.040000000000000000e+02,4.245174111069393019e-01,4.789169497403840126e-01
1.050000000000000000e+02,9.527792772186046699e-01,9.770726538532912286e-01
1.060000000000000000e+02,1.754646118734519700e-01,8.244414170132330355e-02
1.070000000000000000e+02,5.642394492288481667e-01,3.063364317693846317e-01
1.080000000000000000e+02,9.589058433348194299e-01,8.289205992784989263e-01
1.090000000000000000e+02,1.536811651173168591e-01,5.637705541090767269e-01
1.100000000000000000e+02,5.072467319614533121e-01,9.553906870802801876e-01
1.110000000000000000e+02,9.747951910159274869e-01,1.637372831902297321e-01
1.120000000000000000e+02,9.582115369378083058e-02,5.298348344610595007e-01
1.130000000000000000e+02,3.378938947744372645e-01,9.631563343917566300e-01
1.140000000000000000e+02,8.725142815295353627e-01,1.398397892323597347e-01
1.150000000000000000e+02,4.338091292204828697e-01,4.687912148205803931e-01
1.160000000000000000e+02,9.579131976392520897e-01,9.715354294256082213e-01
1.170000000000000000e+02,1.572304633684014907e-01,1.052431837732576980e-01
1.180000000000000000e+02,5.167852745537010462e-01,3.744587422129512788e-01
1.190000000000000000e+02,9.739011927768118637e-01,9.091490975843079525e-01
1.200000000000000000e+02,9.912887199038848685e-02,3.181294295536130079e-01
1.210000000000000000e+02,3.482791210403764492e-01,8.415772280169306896e-01
1.220000000000000000e+02,8.852250220621051824e-01,5.176794287176438303e-01
1.230000000000000000e+02,3.962465612712772201e-01,9.732730297413922926e-01
1.240000000000000000e+02,9.330173734126641083e-01,1.080765672056411830e-01
1.250000000000000000e+02,2.437342218589099163e-01,3.706045258142030008e-01
1.260000000000000000e+02,7.188786187195922439e-01,9.123112636597099367e-01
1.270000000000000000e+02,7.881593860428730558e-01,3.099923190637774439e-01
1.280000000000000000e+02,6.511602561180384052e-01,8.322948396893812273e-01
1.290000000000000000e+02,8.858872501842831593e-01,5.460272254418416793e-01
1.300000000000000000e+02,3.942550175663285805e-01,9.651663286050826684e-01
1.310000000000000000e+02,9.313901948913997364e-01,1.334110188206487635e-01
1.320000000000000000e+02,2.492197490310845975e-01,4.526508966816003010e-01
1.330000000000000000e+02,7.297261363234744946e-01,9.678905368222450178e-01
1.340000000000000000e+02,7.691810189305647860e-01,1.182768978216657274e-01
1.350000000000000000e+02,6.924121582852613699e-01,4.093172540357432609e-01
1.360000000000000000e+02,8.306124892416293370e-01,9.399035839884168908e-01
1.370000000000000000e+02,5.487119896340687530e-01,2.211785628947779969e-01
1.380000000000000000e+02,9.657458540569724414e-01,6.717030150023646229e-01
1.390000000000000000e+02,1.290151177720911813e-01,8.602875210477201051e-01
1.400000000000000000e+02,4.382438469175440332e-01,4.651331302516865662e-01
1.410000000000000000e+02,9.601260924701793265e-01,9.713510080012035530e-01
1.420000000000000000e+02,1.493075182096835207e-01,1.123237963740688627e-01
1.430000000000000000e+02,4.953576545414193344e-01,3.879323059458159584e-01
1.440000000000000000e+02,9.749159496517084689e-01,9.239815852078629987e-01
1.450000000000000000e+02,9.537387898902202621e-02,2.718362988769236210e-01
1.460000000000000000e+02,3.364830385628766463e-01,7.663803729772027395e-01
1.470000000000000000e+02,8.707225929572443013e-01,6.982465353726219348e-01
1.480000000000000000e+02,4.390025603771237073e-01,8.169517214283246176e-01
1.490000000000000000e+02,9.604893182018688913e-01,5.814971790283127717e-01
1.500000000000000000e+02,1.480033925057139543e-01,9.494003891526272554e-01
1.510000000000000000e+02,4.917837144188027532e-01,1.878907658859159113e-01
1.520000000000000000e+02,9.747367213398679953e-01,5.919663493305673541e-01
1.530000000000000000e+02,9.603767710474284125e-02,9.486014732831620222e-01
1.540000000000000000e+02,3.385763225561651546e-01,1.889918057470847401e-01
1.550000000000000000e+02,8.733753458059841934e-01,5.952098344089753468e-01
1.560000000000000000e+02,4.313043194626206556e-01,9.382022307918269632e-01
1.570000000000000000e+02,9.565955235544745250e-01,2.244546674607921233e-01
1.580000000000000000e+02,1.619300586930596531e-01,6.756817753555326433e-01
1.590000000000000000e+02,5.292639876604154914e-01,8.530223049477037023e-01
1.600000000000000000e+02,9.716601142022229798e-01,4.827693710218738943e-01
1.610000000000000000e+02,1.073932730159093130e-01,9.789403424791576214e-01
1.620000000000000000e+02,3.738538359146747481e-01,8.515115397076655768e-02
1.630000000000000000e+02,9.129398666175768673e-01,3.028542367011657355e-01
1.640000000000000000e+02,3.099745995756454930e-01,8.224684594210511790e-01
1.650000000000000000e+02,8.341723540548984239e-01,5.794005329987950148e-01
1.660000000000000000e+02,5.394824673630896905e-01,9.553781309768769603e-01
1.670000000000000000e+02,9.689204256065980791e-01,1.556746788986416163e-01
1.680000000000000000e+02,1.174431743508149717e-01,5.169970396473582142e-01
1.690000000000000000e+02,4.042360730819542503e-01,9.653495324151828427e-01
1.700000000000000000e+02,9.392341541748171485e-01,1.285463280302252542e-01
1.710000000000000000e+02,2.225860954446985396e-01,4.338577746895238008e-01
1.720000000000000000e+02,6.748619496815900787e-01,9.575482407399364959e-01
1.730000000000000000e+02,8.557508643588569441e-01,1.572184976035959636e-01
1.740000000000000000e+02,4.814211577809119902e-01,5.181536469286758262e-01
1.750000000000000000e+02,9.736538238250130872e-01,9.697107186621405361e-01
1.760000000000000000e+02,1.000430151861795014e-01,1.171797035117272401e-01
1.770000000000000000e+02,3.511342001646856614e-01,3.967830668200882371e-01
1.780000000000000000e+02,8.885719971936292261e-01,9.350507820439828421e-01
1.790000000000000000e+02,3.861460316881213939e-01,2.379426231441339468e-01
1.800000000000000000e+02,9.244453682085872481e-01,7.094667813832451486e-01
1.810000000000000000e+02,2.723999046844794991e-01,8.050239546194308815e-01
1.820000000000000000e+02,7.729729667882273558e-01,6.076058855110204604e-01
1.830000000000000000e+02,6.843944616710498918e-01,9.321958597576553984e-01
1.840000000000000000e+02,8.423948617696703778e-01,2.472772454873215509e-01
1.850000000000000000e+02,5.177864586715403838e-01,7.251984357125440539e-01
1.860000000000000000e+02,9.737662033629097547e-01,7.771219471245949251e-01
1.870000000000000000e+02,9.962777974926674551e-02,6.694902977783065978e-01
1.880000000000000000e+02,3.498381324808435555e-01,8.647843375548180944e-01
1.890000000000000000e+02,8.870605128183213228e-01,4.520854034493595464e-01
1.900000000000000000e+02,3.907182217255906198e-01,9.705738726668879934e-01
1.910000000000000000e+02,9.284242224550129929e-01,1.059146005881679287e-01
1.920000000000000000e+02,2.591654738938883873e-01,3.799530253481631092e-01
1.930000000000000000e+02,7.487950510374541402e-01,9.133547716664489613e-01
1.940000000000000000e+02,7.335939880591552109e-01,3.074358219709836249e-01
1.950000000000000000e+02,7.621920100962150668e-01,8.290291104058216121e-01
1.960000000000000000e+02,7.068958643826543931e-01,5.522296851450025912e-01
1.970000000000000000e+02,8.080569950752817254e-01,9.626225819351716950e-01
1.980000000000000000e+02,6.048934623622326257e-01,1.379310085630933713e-01
1.990000000000000000e+02,9.320897100592853146e-01,4.672485217186057582e-01
2.000000000000000000e+02,2.468640815974427194e-01,9.712225624542263347e-01
2.010000000000000000e+02,7.250966065765259705e-01,1.041310552019041324e-01
2.020000000000000000e+02,7.773929190601573946e-01,3.690138497731405565e-01
2.030000000000000000e+02,6.749073569756113278e-01,9.025876603318971902e-01
2.040000000000000000e+02,8.556889242556435793e-01,3.398859406701646435e-01
2.050000000000000000e+02,4.815930177312658378e-01,8.757460102818122039e-01
2.060000000000000000e+02,9.736786137146581366e-01,4.225006902629822036e-01
2.070000000000000000e+02,9.995142654650275571e-02,9.512543083904851926e-01
2.080000000000000000e+02,3.508484416235050918e-01,1.849972199854192922e-01
2.090000000000000000e+02,8.882398692720656630e-01,5.829781715798567632e-01
2.100000000000000000e+02,3.871522352396765121e-01,9.517346547470957319e-01
2.110000000000000000e+02,9.253349897555348536e-01,1.787938744953816439e-01
2.120000000000000000e+02,2.694515713096703458e-01,5.691867659167009208e-01
2.130000000000000000e+02,7.677049459108378215e-01,9.569240719391132188e-01
2.140000000000000000e+02,6.955028415460140501e-01,1.624425961265885121e-01
2.150000000000000000e+02,8.259366918949929692e-01,5.293478784100278389e-01
2.160000000000000000e+02,5.606845642185388501e-01,9.707794106128417866e-01
2.170000000000000000e+02,9.606377962958635441e-01,1.087922480389007518e-01
2.180000000000000000e+02,1.474700004323930280e-01,3.804127344599228522e-01
2.190000000000000000e+02,4.903181376789657597e-01,9.144846480075035089e-01
2.200000000000000000e+02,9.746344200137863067e-01,3.042456914026079318e-01
2.210000000000000000e+02,9.641645261888907859e-02,8.271668524662851851e-01
2.220000000000000000e+02,3.397692491047865082e-01,5.560804874302718304e-01
2.230000000000000000e+02,8.748718152234684631e-01,9.606925064357909605e-01
2.240000000000000000e+02,4.269373763891406992e-01,1.488469983795024376e-01
2.250000000000000000e+02,9.541812268212819248e-01,4.907726091411603875e-01
2.260000000000000000e+02,1.705057114921494921e-01,9.770194790939763507e-01
2.270000000000000000e+02,5.515907039787509847e-01,8.605522439980006766e-02
2.280000000000000000e+02,9.646197571256097669e-01,3.101166419964647147e-01
2.290000000000000000e+02,1.331010770253036324e-01,8.311327344365553316e-01
2.300000000000000000e+02,4.500022032480305301e-01,5.500604493564384967e-01
2.310000000000000000e+02,9.652508592478001859e-01,9.651819630060298749e-01
2.320000000000000000e+02,1.308123880798161276e-01,1.263146210514669576e-01
2.330000000000000000e+02,4.434319780982196590e-01,4.306465385892104258e-01
2.340000000000000000e+02,9.625202297026667075e-01,9.510869546338991398e-01
2.350000000000000000e+02,1.406926447515904621e-01,1.758086297095982076e-01
2.360000000000000000e+02,4.715030754111335098e-01,5.618909349245981844e-01
2.370000000000000000e+02,9.718329086270079964e-01,9.627233309442591036e-01
2.380000000000000000e+02,1.067574547126523415e-01,1.343854723011652652e-01
2.390000000000000000e+02,3.719051722461204634e-01,4.592015174046686354e-01
2.400000000000000000e+02,9.110076889005453982e-01,9.662085470868904125e-01
2.410000000000000000e+02,3.161834506920667143e-01,1.253854464326860096e-01
2.420000000000000000e+02,8.432247571820441490e-01,4.252996810784943627e-01
2.430000000000000000e+02,5.155673876235745690e-01,9.536925674415321907e-01
2.440000000000000000e+02,9.740548601260516914e-01,1.785747198193270435e-01
2.450000000000000000e+02,9.856075940439129601e-02,5.726124828914089804e-01
2.460000000000000000e+02,3.465014908290818263e-01,9.543676536666207966e-01
2.470000000000000000e+02,8.831090099609916200e-01,1.721063234739652614e-01
2.480000000000000000e+02,4.025871972981643898e-01,5.516779979941093259e-01
2.490000000000000000e+02,9.379919088921155890e-01,9.647103655159563473e-01
2.500000000000000000e+02,2.268360422056587833e-01,1.325568012315976318e-01
2.510000000000000000e+02,6.839876634323123206e-01,4.528552220460451139e-01
2.520000000000000000e+02,8.429793048484007789e-01,9.651327745054638640e-01
2.530000000000000000e+02,5.162242661382602238e-01,1.334144266027852410e-01
2.540000000000000000e+02,9.739734154342720718e-01,4.501149638475663295e-01
2.550000000000000000e+02,9.886188570012666155e-02,9.682486204005664732e-01
2.560000000000000000e+02,3.474440316981728394e-01,1.227541391612430033e-01
2.570000000000000000e+02,8.842340384884183058e-01,4.216649518709720823e-01
2.580000000000000000e+02,3.992203943008346134e-01,9.515329513660732985e-01
2.590000000000000000e+02,9.353895371929710212e-01,1.834084514536122867e-01
2.600000000000000000e+02,2.357002085212729636e-01,5.818474431410187719e-01
2.610000000000000000e+02,7.025679188747754322e-01,9.506330553871009670e-01
2.620000000000000000e+02,8.149683291466953694e-01,1.851378882055580988e-01
2.630000000000000000e+02,5.881003113747019784e-01,5.882492635391018965e-01
2.640000000000000000e+02,9.447295070291541474e-01,9.443434733750990517e-01
2.650000000000000000e+02,2.036410957526615662e-01,2.021204662867290835e-01
2.660000000000000000e+02,6.324684595059358871e-01,6.317535812169303711e-01
2.670000000000000000e+02,9.065632182208844814e-01,9.058896440502621772e-01
2.680000000000000000e+02,3.303547634005221112e-01,3.279476121595230609e-01
2.690000000000000000e+02,8.627599254265179152e-01,8.661332841710667196e-01
2.700000000000000000e+02,4.617804223677339226e-01,4.481456465343427453e-01
2.710000000000000000e+02,9.693031291538835026e-01,9.679818598577361044e-01
2.720000000000000000e+02,1.160428345688560292e-01,1.233868804747775272e-01
2.730000000000000000e+02,4.000498909449164420e-01,4.231521407931850831e-01
2.740000000000000000e+02,9.360389052295200463e-01,9.524377053939208082e-01
2.750000000000000000e+02,2.334932851923423591e-01,1.752866457799395761e-01
2.760000000000000000e+02,6.979992667534763440e-01,5.644564991517722063e-01
2.770000000000000000e+02,8.221055324238342177e-01,9.593897847015000480e-01
2.780000000000000000e+02,5.703673013296373107e-01,1.530859916261793074e-01
2.790000000000000000e+02,9.556889273239775884e-01,5.056767592585318383e-01
2.800000000000000000e+02,1.651556459058584059e-01,9.748357563307443741e-01
2.810000000000000000e+02,5.377291082719807269e-01,9.546396989637173647e-02
2.820000000000000000e+02,9.694484061171044775e-01,3.376894018086402660e-01
2.830000000000000000e+02,1.155109565770295610e-01,8.714407532527577160e-01
2.840000000000000000e+02,3.984558844019877033e-01,4.391012274148327066e-01
2.850000000000000000e+02,9.347862910909284784e-01,9.613674188635226159e-01
2.860000000000000000e+02,2.377474362096381744e-01,1.473761454803224069e-01
2.870000000000000000e+02,7.067720118629905457e-01,4.898544243589570968e-01
2.880000000000000000e+02,8.082568069295120727e-01,9.730634187112965350e-01
2.890000000000000000e+02,6.044131898283239268e-01,1.021409934756203342e-01
2.900000000000000000e+02,9.324817545805100805e-01,3.582138045259242176e-01
2.910000000000000000e+02,2.455421746243574288e-01,8.980299034125041047e-01
2.920000000000000000e+02,7.224797389098860378e-01,3.575778561950464507e-01
2.930000000000000000e+02,7.819607865208968445e-01,8.947164735029460303e-01
2.940000000000000000e+02,6.649426479716171734e-01,3.658769785392887997e-01
2.950000000000000000e+02,8.688962992324336110e-01,9.029881517284064074e-01
2.960000000000000000e+02,4.442705296091977174e-01,3.430216654644393515e-01
2.970000000000000000e+02,9.628874819068465873e-01,8.783402563047566503e-01
2.980000000000000000e+02,1.393671984663611974e-01,4.145790338151229548e-01
2.990000000000000000e+02,4.677815315861964529e-01,9.537915585172900279e-01
3.000000000000000000e+02,9.709516841429681744e-01,1.706296982626067660e-01
3.010000000000000000e+02,1.099975936913175495e-01,5.512503028105104619e-01
3.020000000000000000e+02,3.818026799864057130e-01,9.624258676719144034e-01
3.030000000000000000e+02,9.205146348122554834e-01,1.425821003858054326e-01
3.040000000000000000e+02,2.853530234439901059e-01,4.779443904441968982e-01
3.050000000000000000e+02,7.953140342759186243e-01,9.719697851648465559e-01
3.060000000000000000e+02,6.348795225227580330e-01,1.084561716276564169e-01
3.070000000000000000e+02,9.040493061757278737e-01,3.786053513407487969e-01
3.080000000000000000e+02,3.383022168977603550e-01,9.153622782082244669e-01
3.090000000000000000e+02,8.730299250653021925e-01,3.019443267459021030e-01
3.100000000000000000e+02,4.323098325225225858e-01,8.233108924499115133e-01
3.110000000000000000e+02,9.571303607847971850e-01,5.643261534073253927e-01
3.120000000000000000e+02,1.600241496701685362e-01,9.603083311240503406e-01
3.130000000000000000e+02,5.242240426507813744e-01,1.490227218542532484e-01
3.140000000000000000e+02,9.727114634548471583e-01,4.900478133671235526e-01
3.150000000000000000e+02,1.035211020416691302e-01,9.785878383316033435e-01
3.160000000000000000e+02,3.619374855476150676e-01,7.978693451540941339e-02
3.170000000000000000e+02,9.006610942020315536e-01,2.893370604567038207e-01
3.180000000000000000e+02,3.489356816120400828e-01,7.981579214178342596e-01
3.190000000000000000e+02,8.860003296689260566e-01,6.343059275538429631e-01
3.200000000000000000e+02,3.939146074323735536e-01,9.039215060674958835e-01
3.210000000000000000e+02,9.311089689867130259e-01,3.242109647224395985e-01
3.220000000000000000e+02,2.501657217509318798e-01,8.517629390315146765e-01
3.230000000000000000e+02,7.315730503058920364e-01,4.907960047590087527e-01
3.240000000000000000e+02,7.658582972508967135e-01,9.657884366012705613e-01
3.250000000000000000e+02,6.993455265531299814e-01,1.448227079746899904e-01
3.260000000000000000e+02,8.200193080686958291e-01,4.764766960199118273e-01
3.270000000000000000e+02,5.755918056066092747e-01,9.758625705643160231e-01
3.280000000000000000e+02,9.527149278080170314e-01,8.513018087495183295e-02
3.290000000000000000e+02,1.756918571451495104e-01,3.072850568342815336e-01
3.300000000000000000e+02,5.648144910643477790e-01,8.297860785337674017e-01
3.310000000000000000e+02,9.586164188174712830e-01,5.519381868008395031e-01
3.320000000000000000e+02,1.547168235250473145e-01,9.636439930424529621e-01
3.330000000000000000e+02,5.100401593691300528e-01,1.299424679813974137e-01
3.340000000000000000e+02,9.746068612793856722e-01,4.401913502627117225e-01
3.350000000000000000e+02,9.651847618346685864e-02,9.565599780861306911e-01
3.360000000000000000e+02,3.400903737608847455e-01,1.587653692289414664e-01
3.370000000000000000e+02,8.752727546006593418e-01,5.172153304351825298e-01
3.380000000000000000e+02,4.257644026522899305e-01,9.764252362643457417e-01
3.390000000000000000e+02,9.535073967370716330e-01,8.507316448963386790e-02
3.400000000000000000e+02,1.728910603085807851e-01,3.130218558803461448e-01
3.410000000000000000e+02,5.576989921384263305e-01,8.384217048437720976e-01
3.420000000000000000e+02,9.620162225942182621e-01,5.263110467805827142e-01
3.430000000000000000e+02,1.425099392331020676e-01,9.722275337777759319e-01
3.440000000000000000e+02,4.765833401662305513e-01,9.987770817322427774e-02
3.450000000000000000e+02,9.728614741646952613e-01,3.563250746443391570e-01
3.460000000000000000e+02,1.029679023780858127e-01,8.859210343291090695e-01
3.470000000000000000e+02,3.602255024859769006e-01,3.917288651115935494e-01
3.480000000000000000e+02,8.988060503943391399e-01,9.284924732335877451e-01
3.490000000000000000e+02,3.547195632585845027e-01,2.588489588032931721e-01
3.500000000000000000e+02,8.926850193308719650e-01,7.462806040090583792e-01
3.510000000000000000e+02,3.736140548131395844e-01,7.342980334741007198e-01
3.520000000000000000e+02,9.127037121509732343e-01,7.570103448443585847e-01
3.530000000000000000e+02,3.107350193095458346e-01,7.260211752362728532e-01
3.540000000000000000e+02,8.352971916285437670e-01,7.737498345581670378e-01
3.550000000000000000e+02,5.365455938154451987e-01,6.824731673181165803e-01
3.560000000000000000e+02,9.697912363334383334e-01,8.448888557844220770e-01
3.570000000000000000e+02,1.142551576307680172e-01,5.070644278376796876e-01
3.580000000000000000e+02,3.946835746835918313e-01,9.728202209607630380e-01
3.590000000000000000e+02,9.317429571784363596e-01,1.063604657623109517e-01
3.600000000000000000e+02,2.480322738145935568e-01,3.709909873900221200e-01
3.610000000000000000e+02,7.273978333477285618e-01,9.104251577292128417e-01
3.620000000000000000e+02,7.733318790161587408e-01,3.179664009557505722e-01
3.630000000000000000e+02,6.836297672626342470e-01,8.448386157026188670e-01
3.640000000000000000e+02,8.434924234427760847e-01,5.097577583862857864e-01
3.650000000000000000e+02,5.148505246458935369e-01,9.770115103394161338e-01
3.660000000000000000e+02,9.741399014791926048e-01,8.789669520719911588e-02
3.670000000000000000e+02,9.824627991867597443e-02,3.179302551280844824e-01
3.680000000000000000e+02,3.455163987631868494e-01,8.418032595571078858e-01
3.690000000000000000e+02,8.819257861007305799e-01,5.272856335670006445e-01
3.700000000000000000e+02,4.061175062542220493e-01,9.725683463088152791e-01
3.710000000000000000e+02,9.406257017354884287e-01,1.002755341467818084e-01
3.720000000000000000e+02,2.178110647834227143e-01,3.575395593931580684e-01
3.730000000000000000e+02,6.644406788812039499e-01,8.898531358199495145e-01
3.740000000000000000e+02,8.695411262034461464e-01,3.815066685998615981e-01
3.750000000000000000e+02,4.424134885727258881e-01,9.184822017595237753e-01
3.760000000000000000e+02,9.620667954363820717e-01,2.888522478217101508e-01
3.770000000000000000e+02,1.423276785650953169e-01,8.040198561293196988e-01
3.780000000000000000e+02,4.760749908695283139e-01,6.147805591734307740e-01
3.790000000000000000e+02,9.727676163586167490e-01,9.259286370706281133e-01
3.800000000000000000e+02,1.033140455981079037e-01,2.774833049945364394e-01
3.810000000000000000e+02,3.612969889630139320e-01,7.752803517291271262e-01
3.820000000000000000e+02,8.999697514441674651e-01,6.799962373660974890e-01
3.830000000000000000e+02,3.510943719257944573e-01,8.488314759839052925e-01
3.840000000000000000e+02,8.885257443185228254e-01,5.057370549493906964e-01
3.850000000000000000e+02,3.862862094067774921e-01,9.726915932270223664e-01
3.860000000000000000e+02,9.245697779327908261e-01,1.092821302037592091e-01
3.870000000000000000e+02,2.719879642977926504e-01,3.714674891382703237e-01
3.880000000000000000e+02,7.722409951422476437e-01,9.082189023982669696e-01
3.890000000000000000e+02,6.859508781994388960e-01,3.229880426457452103e-01
3.900000000000000000e+02,8.401468564977440101e-01,8.556390088026804008e-01
3.910000000000000000e+02,5.237704524573422171e-01,4.815273078884576563e-01
3.920000000000000000e+02,9.727963658008956793e-01,9.759251873233978358e-01
3.930000000000000000e+02,1.032080262933159909e-01,9.392181110062836069e-02
3.940000000000000000e+02,3.609689054476213355e-01,3.319698993789992336e-01
3.950000000000000000e+02,8.996143835155135937e-01,8.632247201002023473e-01
3.960000000000000000e+02,3.522025435013124706e-01,4.662876807753359998e-01
3.970000000000000000e+02,8.898080562248223968e-01,9.712769667723115674e-01
3.980000000000000000e+02,3.823937492786802506e-01,1.119711237894591704e-01
3.990000000000000000e+02,9.210582021859690105e-01,3.874620530239551996e-01
4.000000000000000000e+02,2.835689624504865725e-01,9.243529296945549589e-01
4.010000000000000000e+02,7.923146633424402729e-01,2.742193052782564422e-01
4.020000000000000000e+02,6.417533366204836165e-01,7.725206011989591559e-01
4.030000000000000000e+02,8.966333670721434723e-01,6.843417160371672026e-01
4.040000000000000000e+02,3.614596912875557289e-01,8.396858716778474729e-01
4.050000000000000000e+02,9.001456731612564877e-01,5.214774345457495741e-01
4.060000000000000000e+02,3.505454169762671213e-01,9.764682147264522882e-01
4.070000000000000000e+02,8.878869776914882772e-01,9.290849133155276718e-02
4.080000000000000000e+02,3.882204008957152452e-01,3.250449361871212695e-01
4.090000000000000000e+02,9.262707527739328928e-01,8.526171739542443007e-01
4.100000000000000000e+02,2.663436567852238701e-01,4.924355816252372620e-01
4.110000000000000000e+02,7.620783817744450905e-01,9.785833722101919818e-01
4.120000000000000000e+02,7.071281950453039977e-01,8.258911728227147364e-02
4.130000000000000000e+02,8.076818521873705414e-01,3.009333458934504435e-01
4.140000000000000000e+02,6.057943235547412764e-01,8.165367131566352299e-01
4.150000000000000000e+02,9.313494883040193129e-01,5.955085223291067820e-01
4.160000000000000000e+02,2.493567138654567694e-01,9.402462240017310791e-01
4.170000000000000000e+02,7.299939781511421977e-01,2.065279331350389214e-01
4.180000000000000000e+02,7.687008030554264293e-01,6.474149428852271626e-01
4.190000000000000000e+02,6.934195259057388538e-01,8.812412162876608335e-01
4.200000000000000000e+02,8.290966592937568658e-01,4.084587563513437658e-01
4.210000000000000000e+02,5.526120164825867320e-01,9.496676085529074385e-01
4.220000000000000000e+02,9.642047053143804058e-01,1.802243950724378152e-01
4.230000000000000000e+02,1.346045670995580645e-01,5.770182143647168971e-01
4.240000000000000000e+02,4.542960927004447425e-01,9.511513021057975692e-01
4.250000000000000000e+02,9.668534961444593678e-01,1.767592506534096941e-01
4.260000000000000000e+02,1.249864712370115094e-01,5.679406856989608343e-01
4.270000000000000000e+02,4.265229276544517112e-01,9.562516457693170935e-01
4.280000000000000000e+02,9.539443673741554441e-01,1.654008746853907752e-01
4.290000000000000000e+02,1.713445941841834075e-01,5.353012165452986082e-01
4.300000000000000000e+02,5.537439344893595461e-01,9.672030523154830917e-01
4.310000000000000000e+02,9.637351990718533434e-01,1.225119529096083681e-01
4.320000000000000000e+02,1.363036940529753493e-01,4.212196042528191242e-01
4.330000000000000000e+02,4.591274884579041871e-01,9.519064742450877858e-01
4.340000000000000000e+02,9.684848074209408963e-01,1.759360243332448448e-01
4.350000000000000000e+02,1.190357423414792892e-01,5.671467292194662946e-01
4.360000000000000000e+02,4.089783141080997053e-01,9.596415476028923308e-01
4.370000000000000000e+02,9.426887055198454046e-01,1.542460509681031766e-01
4.380000000000000000e+02,2.107041690201380268e-01,5.061038514186684267e-01
4.390000000000000000e+02,6.486008964929174114e-01,9.738281720320394186e-01
4.400000000000000000e+02,8.888793168898547759e-01,1.017916292953753299e-01
4.410000000000000000e+02,3.852142198915916027e-01,3.551696076936963209e-01
4.420000000000000000e+02,9.236144762711261391e-01,8.944519656462208701e-01
4.430000000000000000e+02,2.751480244248040719e-01,3.698297895061077867e-01
4.440000000000000000e+02,7.778221974117327520e-01,9.087951530826092750e-01
4.450000000000000000e+02,6.739778238387331699e-01,3.253672356044408076e-01
4.460000000000000000e+02,8.569536955681210655e-01,8.516691070320732138e-01
4.470000000000000000e+02,4.780778309590184572e-01,4.920514753877860414e-01
4.480000000000000000e+02,9.731257321677007077e-01,9.725462641770477035e-01
4.490000000000000000e+02,1.019929620870308334e-01,1.094701759316158984e-01
4.500000000000000000e+02,3.572025513098028848e-01,3.849272787359581116e-01
4.510000000000000000e+02,8.954746657255249209e-01,9.204604621440379830e-01
4.520000000000000000e+02,3.650391762002088702e-01,2.824585763267428717e-01
4.530000000000000000e+02,9.039637465531987770e-01,7.870731157213892715e-01
4.540000000000000000e+02,3.385718367357416492e-01,6.539255086355950652e-01
4.550000000000000000e+02,8.733696976099990517e-01,8.813357007651241304e-01
4.560000000000000000e+02,4.313207687358096565e-01,4.056900470159909844e-01
4.570000000000000000e+02,9.566043364525435022e-01,9.402782798625928251e-01
4.580000000000000000e+02,1.618986717376565687e-01,2.162554494169892649e-01
4.590000000000000000e+02,5.291812181262324222e-01,6.608950427626805180e-01
4.600000000000000000e+02,9.716789803838100648e-01,8.777686912099831318e-01
4.610000000000000000e+02,1.073238639099483444e-01,4.177191737433414431e-01
4.620000000000000000e+02,3.736412633670102013e-01,9.502300504904148681e-01
4.630000000000000000e+02,9.127305317384073469e-01,1.829638837291867048e-01
4.640000000000000000e+02,3.106486818666329697e-01,5.818484720523731113e-01
4.650000000000000000e+02,8.351697054525100139e-01,9.538016542839873324e-01
4.660000000000000000e+02,5.368789473328229311e-01,1.730316073587960801e-01
4.670000000000000000e+02,9.696957786501292365e-01,5.574780922224906732e-01
4.680000000000000000e+02,1.146049145211703313e-01,9.640494598410924709e-01
4.690000000000000000e+02,3.957354495461857802e-01,1.367510807123668570e-01
4.700000000000000000e+02,9.326027237227897393e-01,4.589020341060852104e-01
4.710000000000000000e+02,2.451340453677322562e-01,9.728808295319106847e-01
4.720000000000000000e+02,7.216690461605931306e-01,1.010559909101171883e-01
4.730000000000000000e+02,7.833650524995859898e-01,3.595638627769677242e-01
4.740000000000000000e+02,6.618465633854367924e-01,8.974715329347979775e-01
4.750000000000000000e+02,8.728421906892627202e-01,3.566902097642561387e-01
4.760000000000000000e+02,4.328559332839226337e-01,8.958215893673315833e-01
4.770000000000000000e+02,9.574175297888252167e-01,3.626755602845790349e-01
4.780000000000000000e+02,1.589998934233678440e-01,8.979405439760750340e-01
4.790000000000000000e+02,5.215038165274294979e-01,3.568567679365450829e-01
4.800000000000000000e+02,9.731965849115431499e-01,8.907888889107624664e-01
4.810000000000000000e+02,1.017314689094056673e-01,3.804529337112096954e-01
4.820000000000000000e+02,3.563904908574671571e-01,9.224274367346367853e-01
4.830000000000000000e+02,8.945676046469790421e-01,2.768480449099435248e-01
4.840000000000000000e+02,3.678339809162664009e-01,7.817000031041878572e-01
4.850000000000000000e+02,9.068753592582768919e-01,6.612885442309366368e-01
4.860000000000000000e+02,3.293645239109476153e-01,8.775762485073421715e-01
4.870000000000000000e+02,8.614457837694634579e-01,4.179738005108006860e-01
4.880000000000000000e+02,4.654920870415852341e-01,9.504164426840677748e-01
4.890000000000000000e+02,9.703558953786922681e-01,1.847236438282635618e-01
4.900000000000000000e+02,1.121847935617839020e-01,5.835966967035046693e-01
4.910000000000000000e+02,3.884375260556068854e-01,9.514537053569540603e-01
4.920000000000000000e+02,9.264598761888857004e-01,1.804800483138500056e-01
4.930000000000000000e+02,2.657146986037450809e-01,5.769850454860190325e-01
4.940000000000000000e+02,7.609305504436973955e-01,9.537677076195620884e-01
4.950000000000000000e+02,7.094694665960814550e-01,1.712570419234147323e-01
4.960000000000000000e+02,8.038779159994171586e-01,5.493357467283122020e-01
4.970000000000000000e+02,6.148670274546196302e-01,9.683658809052708705e-01
4.980000000000000000e+02,9.235417074145846339e-01,1.169396998142353539e-01
4.990000000000000000e+02,2.753884461133196959e-01,4.033758771998536830e-01
5.000000000000000000e+02,7.782436344563824493e-01,9.355780544141696353e-01
5.010000000000000000e+02,6.730638715495618207e-01,2.322381268874185167e-01
5.020000000000000000e+02,8.581906958206793057e-01,6.949505133252307232e-01
5.030000000000000000e+02,4.746277591672405927e-01,8.292574248580031337e-01
5.040000000000000000e+02,9.724893726409854500e-01,5.475814088407364721e-01
5.050000000000000000e+02,1.043397916911791568e-01,9.708119434992781294e-01
5.060000000000000000e+02,3.644666982879799511e-01,1.135517112583581678e-01
5.070000000000000000e+02,9.033598240954503478e-01,3.908866754413948819e-01
5.080000000000000000e+02,3.404733239921806653e-01,9.281823089514631420e-01
5.090000000000000000e+02,8.757498346033952830e-01,2.569005015917298351e-01
5.100000000000000000e+02,4.243670410025322526e-01,7.415084119934229889e-01
5.110000000000000000e+02,9.526906565018207207e-01,7.493466107360760020e-01
5.120000000000000000e+02,1.757775611122071868e-01,7.277810723273017146e-01
5.130000000000000000e+02,5.650312594744406614e-01,7.713331282753941309e-01
5.140000000000000000e+02,9.585066476355550424e-01,6.862645153809108223e-01
5.150000000000000000e+02,1.551094508886193546e-01,8.404372916074951405e-01
5.160000000000000000e+02,5.110969856212362883e-01,5.263164333026839614e-01
5.170000000000000000e+02,9.745197419494759927e-01,9.702630454269325355e-01
5.180000000000000000e+02,9.684095655079058562e-02,1.151050435836680208e-01
5.190000000000000000e+02,3.411048641719620633e-01,3.967127230977407493e-01
5.200000000000000000e+02,8.765341096597385473e-01,9.343360792190082975e-01
5.210000000000000000e+02,4.220660506247171373e-01,2.370774470104386467e-01
5.220000000000000000e+02,9.513125681856063887e-01,7.010550836963913568e-01
5.230000000000000000e+02,1.806361666110782860e-01,8.188111254652383764e-01
5.240000000000000000e+02,5.772262935002188122e-01,5.739767869815946000e-01
5.250000000000000000e+02,9.517407884096503734e-01,9.556754146764081526e-01
5.260000000000000000e+02,1.791280143394072266e-01,1.689386988081515995e-01
5.270000000000000000e+02,5.734605583910905580e-01,5.451277441693882508e-01
5.280000000000000000e+02,9.539538308073897133e-01,9.736414719925292616e-01
5.290000000000000000e+02,1.713110860316535977e-01,1.012244941637252538e-01
5.300000000000000000e+02,5.536580315538049968e-01,3.593345600267259243e-01
5.310000000000000000e+02,9.637711810341064167e-01,8.994747090814501078e-01
5.320000000000000000e+02,1.361735374046973701e-01,3.515953791217878432e-01
5.330000000000000000e+02,4.587581899500164928e-01,8.870790887519266477e-01
5.340000000000000000e+02,9.683665411048242300e-01,3.910393724134966220e-01
5.350000000000000000e+02,1.194678543766616863e-01,9.291509882858832725e-01
5.360000000000000000e+02,4.102616159744639224e-01,2.614383094334034041e-01
5.370000000000000000e+02,9.435933874866931914e-01,7.490352825125148328e-01
5.380000000000000000e+02,2.075771356545138280e-01,7.341117500804550389e-01
5.390000000000000000e+02,6.415065867911273756e-01,7.613223642636217647e-01
5.400000000000000000e+02,8.969059549894280448e-01,7.019614100515738642e-01
5.410000000000000000e+02,3.606160852863274369e-01,8.152613597539115631e-01
5.420000000000000000e+02,8.992312848444575790e-01,5.840888274511044642e-01
5.430000000000000000e+02,3.533960866856299399e-01,9.491634893931397698e-01
5.440000000000000000e+02,8.911784411435593745e-01,1.906069018103089263e-01
5.450000000000000000e+02,3.782197660195298905e-01,6.002739745113405689e-01
5.460000000000000000e+02,9.171613409854816323e-01,9.366824880897119954e-01
5.470000000000000000e+02,2.963080207900594121e-01,2.316770021989640327e-01
5.480000000000000000e+02,8.131873526615948089e-01,6.903568243009869931e-01
5.490000000000000000e+02,5.924633603180051722e-01,8.349985963649295684e-01
5.500000000000000000e+02,9.416570552949407036e-01,5.367547796889127198e-01
5.510000000000000000e+02,2.142622774819865905e-01,9.692354667145544056e-01
5.520000000000000000e+02,6.565804203278532425e-01,1.227892169869626571e-01
5.530000000000000000e+02,8.793820306828159516e-01,4.185157699887684934e-01
5.540000000000000000e+02,4.136701717004332979e-01,9.491242048198760273e-01
5.550000000000000000e+02,9.459339269084926505e-01,1.888923706856733276e-01
5.560000000000000000e+02,1.994574380446874351e-01,5.974311432494765484e-01
5.570000000000000000e+02,6.227292569680147327e-01,9.389178158488835635e-01
5.580000000000000000e+02,9.162563649879080785e-01,2.213355748584469040e-01
5.590000000000000000e+02,2.992494905675084360e-01,6.732690494264073067e-01
5.600000000000000000e+02,8.178270085541209378e-01,8.564992864853628873e-01
5.610000000000000000e+02,5.810453712708011365e-01,4.757489872916114138e-01
5.620000000000000000e+02,9.493834264027540826e-01,9.749287716094130474e-01
5.630000000000000000e+02,1.874126906906299628e-01,9.952808131322932184e-02
5.640000000000000000e+02,5.939277788290400206e-01,3.471563969650008907e-01
5.650000000000000000e+02,9.405925322205473949e-01,8.823078030977038466e-01
5.660000000000000000e+02,2.179250601507950191e-01,4.057487125236036718e-01
5.670000000000000000e+02,6.646915404053628240e-01,9.412227441076268519e-01
5.680000000000000000e+02,8.692191164237440537e-01,2.144631997220791675e-01
5.690000000000000000e+02,4.433412518623519594e-01,6.556204768277247297e-01
5.700000000000000000e+02,9.624801664119507771e-01,8.827703534160935561e-01
5.710000000000000000e+02,1.408371731347398403e-01,4.008462633846718859e-01
5.720000000000000000e+02,4.719080488128050699e-01,9.386959585281653418e-01
5.730000000000000000e+02,9.719222848861353015e-01,2.239738176226033772e-01
5.740000000000000000e+02,1.064284924086124767e-01,6.763339235613354816e-01
5.750000000000000000e+02,3.708957268077453517e-01,8.542783036693979426e-01
5.760000000000000000e+02,9.099951379096488102e-01,4.827047291353121494e-01
5.770000000000000000e+02,3.194255488727473780e-01,9.760762276596484099e-01
5.780000000000000000e+02,8.478321836403567291e-01,8.979464850199292414e-02
5.790000000000000000e+02,5.031498108935265057e-01,3.192237067046073129e-01
5.800000000000000000e+02,9.749613068962066365e-01,8.474374110511186942e-01
5.810000000000000000e+02,9.520585211064490350e-02,5.072992613441744680e-01
5.820000000000000000e+02,3.359526215546705386e-01,9.829772808486030300e-01
5.830000000000000000e+02,8.700449847383379121e-01,5.599461957419293867e-02
5.840000000000000000e+02,4.409601661530127004e-01,2.147040222780618457e-01
5.850000000000000000e+02,9.614057622753484633e-01,6.454848924304625868e-01
5.860000000000000000e+02,1.447084179025080186e-01,9.389633118221887287e-01
5.870000000000000000e+02,4.826947775935783724e-01,2.452564692422427584e-01
5.880000000000000000e+02,9.738320641821106571e-01,6.664561930785541932e-01
5.890000000000000000e+02,9.938438231638864473e-02,8.705926246286050940e-01
5.900000000000000000e+02,3.490777947851163021e-01,4.125072653444803450e-01
5.910000000000000000e+02,8.861677030949984823e-01,9.496382646935224159e-01
5.920000000000000000e+02,3.934105698366990866e-01,2.115557994727748081e-01
5.930000000000000000e+02,9.306909041721049825e-01,6.395051450210083033e-01
5.940000000000000000e+02,2.515708457473172510e-01,8.880802443317801220e-01
5.950000000000000000e+02,7.343035257374573854e-01,3.844482273543388118e-01
5.960000000000000000e+02,7.608972455252869249e-01,9.322242603179908826e-01
5.970000000000000000e+02,7.095372463815408093e-01,2.440697825151172395e-01
5.980000000000000000e+02,8.037671552774816597e-01,7.228454229408463050e-01
5.990000000000000000e+02,6.151295099610426531e-01,7.842003354566848827e-01
6.000000000000000000e+02,9.233062641509077739e-01,6.581556477132544103e-01
6.010000000000000000e+02,2.761660462493473744e-01,8.785939324927589666e-01
6.020000000000000000e+02,7.796036084785676890e-01,4.128773113229957659e-01
6.030000000000000000e+02,6.701051062904789246e-01,9.472596394053951485e-01
6.040000000000000000e+02,8.621505859742288891e-01,1.936362199229044734e-01
6.050000000000000000e+02,4.635031170062383077e-01,6.141768650611574287e-01
6.060000000000000000e+02,9.698051123737847501e-01,9.232190327924207907e-01
6.070000000000000000e+02,1.142043099110763849e-01,2.762979250348944760e-01
6.080000000000000000e+02,3.945305734843637668e-01,7.824939256347356320e-01
6.090000000000000000e+02,9.316171802748048902e-01,6.604414295806559920e-01
6.100000000000000000e+02,2.484557777973436521e-01,8.787437440180312365e-01
6.110000000000000000e+02,7.282294666781965464e-01,4.113440994540944473e-01
6.120000000000000000e+02,7.718541111051653303e-01,9.460801470982787009e-01
6.130000000000000000e+02,6.867718348733595768e-01,1.931460375577653821e-01
6.140000000000000000e+02,8.389534986223501356e-01,6.043351520061932547e-01
6.150000000000000000e+02,5.269310505095070596e-01,9.358509641296652859e-01
6.160000000000000000e+02,9.721714022219720697e-01,2.331130120656244031e-01
6.170000000000000000e+02,1.055112510025730116e-01,6.987621942514419260e-01
6.180000000000000000e+02,3.680766449663356865e-01,8.195846935681174728e-01
6.190000000000000000e+02,9.071252907469807836e-01,5.754137052840313515e-01
6.200000000000000000e+02,3.285710907733268016e-01,9.531321846636089390e-01
6.210000000000000000e+02,8.603873034172768719e-01,1.775956664794158257e-01
6.220000000000000000e+02,4.684718669889321174e-01,5.648422320666792729e-01
6.230000000000000000e+02,9.711233096324620728e-01,9.613527490699897982e-01
6.240000000000000000e+02,1.093670257717255512e-01,1.477938923514052760e-01
6.250000000000000000e+02,3.798829298377318642e-01,4.891595717473133931e-01
6.260000000000000000e+02,9.187303688769677956e-01,9.771941465580935571e-01
6.270000000000000000e+02,2.911930249026180584e-01,8.822412419630332181e-02
6.280000000000000000e+02,8.049586238876571542e-01,3.145271531194788750e-01
6.290000000000000000e+02,6.123009270945312110e-01,8.433631442408175971e-01
6.300000000000000000e+02,9.258151569174642992e-01,5.126810554254959129e-01
6.310000000000000000e+02,2.678576633434854859e-01,9.749228647038172824e-01
6.320000000000000000e+02,7.648287485734486246e-01,9.324586924342170846e-02
6.330000000000000000e+02,7.014763623231824452e-01,3.327323712964780356e-01
6.340000000000000000e+02,8.166883741575690081e-01,8.587682826115230483e-01
6.350000000000000000e+02,5.838630473263988208e-01,4.724019266481782608e-01
6.360000000000000000e+02,9.475712582432076481e-01,9.700422226301252948e-01
6.370000000000000000e+02,1.937518782989085253e-01,1.140040565056388289e-01
6.380000000000000000e+02,6.092271430227584883e-01,3.995179604856735622e-01
6.390000000000000000e+02,9.284707817856349132e-01,9.322231090084853733e-01
6.400000000000000000e+02,2.590098777084266501e-01,2.390049401648894900e-01
6.410000000000000000e+02,7.485026677357807801e-01,7.097694442117443714e-01
6.420000000000000000e+02,7.341610540999805590e-01,8.045569618422501179e-01
6.430000000000000000e+02,7.611575428968653245e-01,6.040883240454792968e-01
6.440000000000000000e+02,7.090072773734805711e-01,9.346725119821073235e-01
6.450000000000000000e+02,8.046322362192073196e-01,2.319127349067837685e-01
6.460000000000000000e+02,6.130768825587317172e-01,6.947533499275024838e-01
6.470000000000000000e+02,9.251331126601152199e-01,8.256786039099051067e-01
6.480000000000000000e+02,2.701211624276949608e-01,5.560646605422903122e-01
6.490000000000000000e+02,7.689073081419827149e-01,9.665652648501215083e-01
6.500000000000000000e+02,6.929865525485477962e-01,1.256259456212234227e-01
6.510000000000000000e+02,8.297491430881637209e-01,4.290765635377784548e-01
6.520000000000000000e+02,5.509354602672247303e-01,9.540754743007662242e-01
6.530000000000000000e+02,9.648817576607273683e-01,1.687889128076847101e-01
6.540000000000000000e+02,1.321513104376637326e-01,5.477617324072507898e-01
6.550000000000000000e+02,4.472806321903606830e-01,9.681043110060283396e-01
6.560000000000000000e+02,9.641606062052326953e-01,1.213901758051783020e-01
6.570000000000000000e+02,1.347642334240445050e-01,4.189363150902503108e-01
6.580000000000000000e+02,4.547510557733291381e-01,9.467279083667188289e-01
6.590000000000000000e+02,9.670148788808492490e-01,1.927185647949301028e-01
6.600000000000000000e+02,1.243987013252322582e-01,6.075028744528312430e-01
6.610000000000000000e+02,4.248022912919288685e-01,9.343891760112388312e-01
6.620000000000000000e+02,9.529466879597185969e-01,2.401673466920293265e-01
6.630000000000000000e+02,1.748732616786531080e-01,7.157764579415459849e-01
6.640000000000000000e+02,5.627411557112373952e-01,7.906336054499831789e-01
6.650000000000000000e+02,9.596478347820711630e-01,6.414118157352124427e-01
6.660000000000000000e+02,1.510230851225998761e-01,8.990206059976664221e-01
6.670000000000000000e+02,5.000389402423420782e-01,3.508414488570004153e-01
6.680000000000000000e+02,9.749999940862643655e-01,8.894809781607619925e-01
6.690000000000000000e+02,9.506252191039038513e-02,3.823989204870716918e-01
6.700000000000000000e+02,3.354999914698649777e-01,9.196404245201144079e-01
6.710000000000000000e+02,8.694650140549834427e-01,2.900461739291433361e-01
6.720000000000000000e+02,4.426328532184684583e-01,8.016455191599964891e-01
6.730000000000000000e+02,9.621651408335701872e-01,6.226442587108298454e-01
6.740000000000000000e+02,1.419731921333163005e-01,9.173098041862441931e-01
6.750000000000000000e+02,4.750855389102917048e-01,2.946064015412517278e-01
6.760000000000000000e+02,9.725791515515767038e-01,8.133639078340380024e-01
6.770000000000000000e+02,1.040088875232883930e-01,5.901327572624275319e-01
6.780000000000000000e+02,3.634450514738796767e-01,9.469638744286257293e-01
6.790000000000000000e+02,9.022757095288116425e-01,1.963127964927444680e-01
6.800000000000000000e+02,3.438795887400555307e-01,6.130799169263330128e-01
6.810000000000000000e+02,8.799430270333007398e-01,9.304219383318379499e-01
6.820000000000000000e+02,4.120088552142127658e-01,2.525271288263208902e-01
6.830000000000000000e+02,9.448044779132179771e-01,7.363329746339228876e-01
6.840000000000000000e+02,2.033810080705633627e-01,7.570382465802687477e-01
6.850000000000000000e+02,6.318669771443827798e-01,7.187381602980504880e-01
6.860000000000000000e+02,9.071832913213310201e-01,7.851641921261851564e-01
6.870000000000000000e+02,3.283868923480394719e-01,6.596541444366508244e-01
6.880000000000000000e+02,8.601408709999426305e-01,8.764696603968076261e-01
6.890000000000000000e+02,4.691643568380704510e-01,4.228509812212948304e-01
6.900000000000000000e+02,9.712917361320816401e-01,9.498517828481833902e-01
6.910000000000000000e+02,1.087479878690724988e-01,1.882485433181884105e-01
6.920000000000000000e+02,3.779952657136521621e-01,5.941499327793042795e-01
6.930000000000000000e+02,9.169478947656988232e-01,9.423646785251698077e-01
6.940000000000000000e+02,2.970023668967617936e-01,2.135358205287527511e-01
6.950000000000000000e+02,8.142886477224839936e-01,6.574583023809577043e-01
6.960000000000000000e+02,5.897683190598121961e-01,8.783919603225598394e-01
6.970000000000000000e+02,9.435724306833853658e-01,4.138893490985200430e-01
6.980000000000000000e+02,2.076496450767698065e-01,9.440302913963716236e-01
6.990000000000000000e+02,6.416719529074192963e-01,2.106666035394351155e-01
7.000000000000000000e+02,8.967233252616519934e-01,6.456872356427387771e-01
7.010000000000000000e+02,3.611813524540161136e-01,8.924755130565866779e-01
7.020000000000000000e+02,8.998445940646651042e-01,3.764623472080259603e-01
7.030000000000000000e+02,3.514847723293264004e-01,9.182128058297820417e-01
7.040000000000000000e+02,8.889785858847191191e-01,2.906152729673383561e-01
7.050000000000000000e+02,3.849130729201843404e-01,8.060202407371175326e-01
7.060000000000000000e+02,9.233444969397680557e-01,6.074650582521581299e-01
7.070000000000000000e+02,2.760398039521773650e-01,9.298707946203776942e-01
7.080000000000000000e+02,7.793831392862612395e-01,2.517411551896451272e-01
7.090000000000000000e+02,6.705857397819587895e-01,7.324872286744863459e-01
7.100000000000000000e+02,8.615119709938631187e-01,7.640112606363285153e-01
7.110000000000000000e+02,4.653054698297158787e-01,7.030928687408426470e-01
7.120000000000000000e+02,9.703055293474266429e-01,8.152928866854161072e-01
7.130000000000000000e+02,1.123695653544235923e-01,5.852417454100500294e-01
7.140000000000000000e+02,3.889963199322779008e-01,9.518901458534223536e-01
7.150000000000000000e+02,9.269449137445489040e-01,1.773384181315762476e-01
7.160000000000000000e+02,2.641003584478727739e-01,5.701927216574702584e-01
7.170000000000000000e+02,7.579703005507537616e-01,9.579906365799910617e-01
7.180000000000000000e+02,7.154601637316396756e-01,1.549766586097511833e-01
7.190000000000000000e+02,7.939499795944666705e-01,5.100161480566676175e-01
7.200000000000000000e+02,6.380142970360092036e-01,9.767943218724841614e-01
7.210000000000000000e+02,9.007130098732593071e-01,8.801643971510841880e-02
7.220000000000000000e+02,3.487734265014214019e-01,3.094974269832162506e-01
7.230000000000000000e+02,8.858090415247281690e-01,8.339351891515942583e-01
7.240000000000000000e+02,3.944903955633052295e-01,5.373909927376221418e-01
7.250000000000000000e+02,9.315841211492875695e-01,9.675495693028857147e-01
7.260000000000000000e+02,2.485670708500085646e-01,1.191220372999488575e-01
7.270000000000000000e+02,7.284477803423160536e-01,4.133253037427606635e-01
7.280000000000000000e+02,7.714652854610087873e-01,9.419700556174674944e-01
7.290000000000000000e+02,6.875957352793347077e-01,2.094936311259516515e-01
7.300000000000000000e+02,8.377505764095224405e-01,6.417887486591888901e-01
7.310000000000000000e+02,5.301057377266378268e-01,9.004299433688771614e-01
7.320000000000000000e+02,9.714652137681459854e-01,3.395064904669364836e-01
7.330000000000000000e+02,1.081101536055699974e-01,8.824234828530954644e-01
7.340000000000000000e+02,3.760471583425052389e-01,3.968176097894868803e-01
7.350000000000000000e+02,9.150792028756249419e-01,9.386234965130730856e-01
7.360000000000000000e+02,3.030660958265296023e-01,2.268991602314436307e-01
7.370000000000000000e+02,8.237464458092780273e-01,6.808524011611112314e-01
7.380000000000000000e+02,5.662341314208547693e-01,8.475519142453382671e-01
7.390000000000000000e+02,9.578908553562072159e-01,5.020814678627321115e-01
7.400000000000000000e+02,1.573102618665276065e-01,9.799324782632794495e-01
7.410000000000000000e+02,5.169985991742471754e-01,7.686681571257025780e-02
7.420000000000000000e+02,9.738730857418417264e-01,2.811415252120301744e-01
7.430000000000000000e+02,9.923276457706996234e-02,7.852161083906841199e-01
7.440000000000000000e+02,3.486039297447008911e-01,6.739621664706092474e-01
7.450000000000000000e+02,8.856089966538848168e-01,8.636069169570301796e-01
7.460000000000000000e+02,3.950922366283785570e-01,4.340416939372193639e-01
7.470000000000000000e+02,9.320780086190191271e-01,9.678263601739995892e-01
7.480000000000000000e+02,2.469035184245090275e-01,1.074025581771778093e-01
7.490000000000000000e+02,7.251744669550179712e-01,3.819998140257623298e-01
7.500000000000000000e+02,7.772561917829416966e-01,9.332824960604648723e-01
7.510000000000000000e+02,6.752031160602804949e-01,2.360350381847133860e-01
7.520000000000000000e+02,8.552850856787946876e-01,7.021769154085752973e-01
7.530000000000000000e+02,4.827127807874249110e-01,8.168927835161134965e-01
7.540000000000000000e+02,9.738344930023957735e-01,5.740399007839211976e-01
7.550000000000000000e+02,9.937540564053394532e-02,9.597519175747599718e-01
7.560000000000000000e+02,3.490497441378218046e-01,1.583873962691839665e-01
7.570000000000000000e+02,8.861346789950576008e-01,5.126887428658815082e-01
7.580000000000000000e+02,3.935100377417968809e-01,9.755216319490900290e-01
7.590000000000000000e+02,9.307735629591612492e-01,9.386452272423007059e-02
7.600000000000000000e+02,2.512931360763311917e-01,3.303051166233119673e-01
7.610000000000000000e+02,7.337650937652893113e-01,8.596531094964721120e-01
7.620000000000000000e+02,7.618801356539314229e-01,4.735492250691457627e-01
7.630000000000000000e+02,7.075332987445259736e-01,9.690622008764808726e-01
7.640000000000000000e+02,8.070267266576398590e-01,1.175298493364813623e-01
7.650000000000000000e+02,6.073648975597900623e-01,4.041685406634609734e-01
7.660000000000000000e+02,9.300438372107054930e-01,9.331326807817141855e-01
7.670000000000000000e+02,2.537429625006596967e-01,2.410053835825713975e-01
7.680000000000000000e+02,7.384941387799890400e-01,7.083085560821418269e-01
7.690000000000000000e+02,7.531701284936060947e-01,8.082199296288870016e-01
7.700000000000000000e+02,7.250290555502707512e-01,5.926650500952614919e-01
7.710000000000000000e+02,7.775115042167973778e-01,9.426284156875492926e-01
7.720000000000000000e+02,6.746507236065887314e-01,2.100438896529759347e-01
7.730000000000000000e+02,8.560387865004102093e-01,6.502222487332440792e-01
7.740000000000000000e+02,4.806218917785297084e-01,8.860777110634572296e-01
7.750000000000000000e+02,9.735355067948523455e-01,3.898578836839146078e-01
7.760000000000000000e+02,1.004800828377151595e-01,9.292529647151930305e-01
7.770000000000000000e+02,3.524969595835001357e-01,2.574022356449532367e-01
7.780000000000000000e+02,8.901471269647647233e-01,7.451269867359675558e-01
7.790000000000000000e+02,3.813623553524450038e-01,7.379584990299399294e-01
7.800000000000000000e+02,9.201079261626737837e-01,7.527510568624986576e-01
7.810000000000000000e+02,2.866863884636599580e-01,7.247421178023891741e-01
7.820000000000000000e+02,7.975394822199614042e-01,7.808144224572082237e-01
7.830000000000000000e+02,6.297340004290813420e-01,6.648310546326854364e-01
7.840000000000000000e+02,9.093594476174018393e-01,8.718192560747013431e-01
7.850000000000000000e+02,3.214568863208649985e-01,4.352879750918141610e-01
7.860000000000000000e+02,8.506771905752619212e-01,9.569976340769805745e-01
7.870000000000000000e+02,4.953994812399415415e-01,1.628610719420393593e-01
7.880000000000000000e+02,9.749174573858394588e-01,5.297746897861816961e-01
7.890000000000000000e+02,9.536829381366050684e-02,9.737410582542267434e-01
7.900000000000000000e+02,3.364654111600541286e-01,9.941544234579069439e-02
7.910000000000000000e+02,8.707001091865044229e-01,3.534479659601519330e-01
7.920000000000000000e+02,4.390675732915433893e-01,8.908332536141427838e-01
7.930000000000000000e+02,9.605202335641322975e-01,3.755535525942619302e-01
7.940000000000000000e+02,1.478923464643444319e-01,9.118816389235320230e-01
7.950000000000000000e+02,4.914787812542974477e-01,3.138119789592170861e-01
7.960000000000000000e+02,9.747168164412427505e-01,8.417465322091137736e-01
7.970000000000000000e+02,9.611138233277660703e-02,5.159683857782635386e-01
7.980000000000000000e+02,3.388085396235517854e-01,9.806284987316153945e-01
7.990000000000000000e+02,8.736675210966607930e-01,7.153452249870895230e-02
8.000000000000000000e+02,4.304530763421586248e-01,2.655212805676701038e-01
8.010000000000000000e+02,9.561365790979485801e-01,7.573775426689044465e-01
8.020000000000000000e+02,1.635637427144014944e-01,7.342308696231825138e-01
8.030000000000000000e+02,5.335615146562684430e-01,7.605697180129826762e-01
8.040000000000000000e+02,9.706071364625105113e-01,6.906298129852128653e-01
8.050000000000000000e+02,1.112628001311684323e-01,8.352054053866631023e-01
8.060000000000000000e+02,3.856452188087464150e-01,5.263438575821570709e-01
8.070000000000000000e+02,9.239996376729318062e-01,9.666285432394925436e-01
8.080000000000000000e+02,2.738747982875679443e-01,1.340118935515963727e-01
8.090000000000000000e+02,7.755828332869963981e-01,4.495098574096036970e-01
8.100000000000000000e+02,6.788109977902949677e-01,9.679630641556382642e-01
8.110000000000000000e+02,8.503038455700326903e-01,1.172873170716179914e-01
8.120000000000000000e+02,4.964201415375020798e-01,3.937952250246841146e-01
8.130000000000000000e+02,9.749500199922150889e-01,9.282993628962739052e-01
8.140000000000000000e+02,9.524766618663850493e-02,2.571335074119982522e-01
8.150000000000000000e+02,3.360846382632849960e-01,7.414077172782924663e-01
8.160000000000000000e+02,8.702138413282153317e-01,7.453590557504412573e-01
8.170000000000000000e+02,4.404726755871273269e-01,7.383308552685239334e-01
8.180000000000000000e+02,9.611803408281540673e-01,7.525230058006542322e-01
8.190000000000000000e+02,1.455195036111478490e-01,7.290810404069567596e-01
8.200000000000000000e+02,4.849399529516605911e-01,7.681308558652411023e-01
8.210000000000000000e+02,9.741154604333169820e-01,6.991265808595237274e-01
8.220000000000000000e+02,9.833666769460497337e-02,8.213762417775605229e-01
8.230000000000000000e+02,3.457996131771706727e-01,5.701598352023946603e-01
8.240000000000000000e+02,8.822667387443902109e-01,9.584310541674714301e-01
8.250000000000000000e+02,4.051013477539396890e-01,1.581530348958111176e-01
8.260000000000000000e+02,9.398775586273371285e-01,5.220951185895490454e-01
8.270000000000000000e+02,2.203801603226089867e-01,9.729960830140313988e-01
8.280000000000000000e+02,6.700697065092815485e-01,1.016641721822004740e-01
8.290000000000000000e+02,8.621975502186026707e-01,3.590472957406465326e-01
8.300000000000000000e+02,4.633704450010068809e-01,8.991695638562653414e-01
8.310000000000000000e+02,9.697672752322453738e-01,3.489029387367015289e-01
8.320000000000000000e+02,1.143429577714001055e-01,8.893557391263939849e-01
8.330000000000000000e+02,3.949477185400028789e-01,3.811039437034988708e-01
8.340000000000000000e+02,9.319596708241931760e-01,9.248221125096449668e-01
8.350000000000000000e+02,2.473022868476732194e-01,2.656730228842825170e-01
8.360000000000000000e+02,7.259610764935789939e-01,7.670722014853295079e-01
8.370000000000000000e+02,7.758722084484654946e-01,6.928068045771915706e-01
8.380000000000000000e+02,6.781886459624889563e-01,8.320348491690641168e-01
8.390000000000000000e+02,8.511703451552136146e-01,5.357096614273526569e-01
8.400000000000000000e+02,4.940496158659157255e-01,9.729208791813679369e-01
8.410000000000000000e+02,9.748619124217614562e-01,1.021980141057667879e-01
8.420000000000000000e+02,9.557404011147467571e-02,3.564430394927438073e-01
8.430000000000000000e+02,3.371146075761551342e-01,8.933251412231815181e-01
8.440000000000000000e+02,8.715265608462273716e-01,3.715220489844046625e-01
8.450000000000000000e+02,4.366752568845205795e-01,9.104009669558399409e-01
8.460000000000000000e+02,9.593609099464983636e-01,3.208275919258891662e-01
8.470000000000000000e+02,1.520514622111875658e-01,8.490721551073843187e-01
8.480000000000000000e+02,5.028340786974466736e-01,4.999101374179755197e-01
8.490000000000000000e+02,9.749686751919530714e-01,9.756435460177215191e-01
8.500000000000000000e+02,9.517855458696383719e-02,9.611981707761785287e-02
8.510000000000000000e+02,3.358664296014307049e-01,3.399068354661878288e-01
8.520000000000000000e+02,8.699346671660499464e-01,8.671961386730488996e-01
8.530000000000000000e+02,4.412785339121009787e-01,4.492574917655431932e-01
8.540000000000000000e+02,9.615519787399019469e-01,9.687283929778676139e-01
8.550000000000000000e+02,1.441821065929962953e-01,1.213418325523889507e-01
8.560000000000000000e+02,4.812351442524684386e-01,4.169536283585588698e-01
8.570000000000000000e+02,9.736267327362196911e-01,9.483127169279521596e-01
8.580000000000000000e+02,1.001431003466927289e-01,1.873749892423344221e-01
8.590000000000000000e+02,3.514463932186153161e-01,5.920138328233139902e-01
8.600000000000000000e+02,8.889341210577427210e-01,9.436065010094765171e-01
8.610000000000000000e+02,3.850479729604603940e-01,2.078429970477788657e-01
8.620000000000000000e+02,9.234655227700537816e-01,6.430956386664448132e-01
8.630000000000000000e+02,2.756401089978317565e-01,8.905892589843418250e-01
8.640000000000000000e+02,7.786842933070311501e-01,3.797569422400197681e-01
8.650000000000000000e+02,6.721067521894464880e-01,9.169161033968817875e-01
8.660000000000000000e+02,8.594791368181218250e-01,2.960174065145615430e-01
8.670000000000000000e+02,4.710215257507423536e-01,8.140024554721758676e-01
8.680000000000000000e+02,9.717249673177217328e-01,5.883638472678303089e-01
8.690000000000000000e+02,1.071546653154680090e-01,9.451129568769580658e-01
8.700000000000000000e+02,3.731229177647323869e-01,2.046283376690745115e-01
8.710000000000000000e+02,9.122186034135140176e-01,6.323610725817259137e-01
8.720000000000000000e+02,3.122957096992670101e-01,9.074122855978412616e-01
8.730000000000000000e+02,8.375916876705228331e-01,3.279951655635020558e-01
8.740000000000000000e+02,5.305242244214958269e-01,8.616974870349345395e-01
8.750000000000000000e+02,9.713662597215179106e-01,4.639247758296747293e-01
8.760000000000000000e+02,1.084740118649714369e-01,9.759082134139838161e-01
8.770000000000000000e+02,3.771588623980689503e-01,9.069404140522152602e-02
8.780000000000000000e+02,9.161492141593873262e-01,3.263730482163245128e-01
8.790000000000000000e+02,2.995973430626450718e-01,8.566412853795162263e-01
8.800000000000000000e+02,8.183712228605504180e-01,4.839277791770548731e-01
8.810000000000000000e+02,5.796950813716831297e-01,9.725294345175026223e-01
8.820000000000000000e+02,9.502299066201271849e-01,1.049820572532595975e-01
8.830000000000000000e+02,1.844428216208430782e-01,3.639428941113145299e-01
8.840000000000000000e+02,5.866523019762012181e-01,8.967293097070161423e-01
8.850000000000000000e+02,9.457163763926784705e-01,3.623233473498093105e-01
8.860000000000000000e+02,2.002139560799826856e-01,8.992670141423433350e-01
8.870000000000000000e+02,6.245004786960631771e-01,3.495212727881789050e-01
8.880000000000000000e+02,9.145485601373594120e-01,8.894818098507855098e-01
8.890000000000000000e+02,3.047830160233642172e-01,3.809114999804705803e-01
8.900000000000000000e+02,8.263722837515571351e-01,9.255464030021363087e-01
8.910000000000000000e+02,5.595764163552929826e-01,2.742956415560922068e-01
8.920000000000000000e+02,9.611575373956169344e-01,7.744456583577017383e-01
8.930000000000000000e+02,1.456015302425196500e-01,6.788804007024005216e-01
8.940000000000000000e+02,4.851667260708695251e-01,8.520961011089163151e-01
8.950000000000000000e+02,9.741418985397192198e-01,4.926768585854492954e-01
8.960000000000000000e+02,9.823889419168735371e-02,9.745594284290923781e-01
8.970000000000000000e+02,3.454932540527590468e-01,1.013887940561097878e-01
8.980000000000000000e+02,8.818978952814993111e-01,3.495250133143197324e-01
8.990000000000000000e+02,4.062005905602878442e-01,8.844491260473281713e-01
9.000000000000000000e+02,9.406865160761687106e-01,4.014149612524757771e-01
9.010000000000000000e+02,2.176020387397299138e-01,9.399651980112064820e-01
9.020000000000000000e+02,6.639804267565676543e-01,2.192934499575471818e-01
9.030000000000000000e+02,8.701306365988623615e-01,6.657273279392228460e-01
9.040000000000000000e+02,4.407129162185914328e-01,8.723599221484814592e-01
9.050000000000000000e+02,9.612916626171154055e-01,4.339120779803735672e-01
9.060000000000000000e+02,1.451190077997557559e-01,9.576327329532183796e-01
9.070000000000000000e+02,4.838319773623837583e-01,1.580993920131650299e-01
9.080000000000000000e+02,9.739805206715590469e-01,5.144372877311647052e-01
9.090000000000000000e+02,9.883561749327936241e-02,9.780894331148548559e-01
9.100000000000000000e+02,3.473618390112059862e-01,8.694138877822688016e-02
9.110000000000000000e+02,8.841362080588400785e-01,3.092532504736786869e-01
9.120000000000000000e+02,3.995135572668845336e-01,8.349964812687282745e-01
9.130000000000000000e+02,9.356196518246928662e-01,5.439596325779021413e-01
9.140000000000000000e+02,2.349185238821201172e-01,9.618555764328604596e-01
9.150000000000000000e+02,7.009540629747469387e-01,1.409296763172456224e-01
9.160000000000000000e+02,8.175081118383716872e-01,4.676420881829237430e-01
9.170000000000000000e+02,5.818355357756449520e-01,9.680555191304085483e-01
9.180000000000000000e+02,9.488814858288212584e-01,1.190359161045790870e-01
9.190000000000000000e+02,1.891711055524279983e-01,4.059515165923115454e-01
9.200000000000000000e+02,5.982030536683505817e-01,9.408918833613499899e-01
9.210000000000000000e+02,9.373890249758231041e-01,2.118217495063667855e-01
9.220000000000000000e+02,2.288942792397252735e-01,6.534659750186113669e-01
9.230000000000000000e+02,6.883565838671026338e-01,8.801695154343942562e-01
9.240000000000000000e+02,8.366350095242689466e-01,4.101307371223068543e-01
9.250000000000000000e+02,5.330397944141218591e-01,9.430410376317945875e-01
9.260000000000000000e+02,9.707426507417830086e-01,2.095020953256021556e-01
9.270000000000000000e+02,1.107652914131388305e-01,6.429112116975979063e-01
9.280000000000000000e+02,3.841357323620748776e-01,8.953915229947888577e-01
9.290000000000000000e+02,9.226443387904363913e-01,3.618525642018788346e-01
9.300000000000000000e+02,2.783498752647398100e-01,9.001569969317468889e-01
9.310000000000000000e+02,7.833977665988900441e-01,3.492850593673146875e-01
9.320000000000000000e+02,6.617742529583681144e-01,8.881194670155405646e-01
9.330000000000000000e+02,8.729334552110714629e-01,3.857901145320337122e-01
9.340000000000000000e+02,4.325904881388938361e-01,9.240242617496603472e-01
9.350000000000000000e+02,9.572782350715249855e-01,2.700730258364245628e-01
9.360000000000000000e+02,1.594968013464974355e-01,7.702038005558042855e-01
9.370000000000000000e+02,5.228245296562600286e-01,6.885438891000497108e-01
9.380000000000000000e+02,9.729682592992850987e-01,8.383764590129558769e-01
9.390000000000000000e+02,1.025740002120764383e-01,5.269053625227062554e-01
9.400000000000000000e+02,3.590050413010205665e-01,9.749867157407408058e-01
9.410000000000000000e+02,8.974696443237448751e-01,9.738027909008906136e-02
9.420000000000000000e+02,3.588697391805073522e-01,3.399399914106888687e-01
9.430000000000000000e+02,8.973207729759856699e-01,8.739417256355181962e-01
9.440000000000000000e+02,3.593311931108844615e-01,4.305075133549394195e-01
9.450000000000000000e+02,8.978279183967315946e-01,9.572430560009426159e-01
9.460000000000000000e+02,3.577584946420814815e-01,1.586757310289996781e-01
9.470000000000000000e+02,8.960926811987015572e-01,5.205816309899908845e-01
9.480000000000000000e+02,3.631312928132127138e-01,9.778096906898774421e-01
9.490000000000000000e+02,9.019411322727682867e-01,8.694798564459205181e-02
9.500000000000000000e+02,3.449289721304114598e-01,3.073409004615426099e-01
9.510000000000000000e+02,8.812166076303302731e-01,8.262554725549851042e-01
9.520000000000000000e+02,4.082282024606089244e-01,5.658034128648328220e-01
9.530000000000000000e+02,9.421539549879169861e-01,9.541833050947570172e-01
9.540000000000000000e+02,2.125495323453180097e-01,1.699564449170622993e-01
9.550000000000000000e+02,6.527516917159079668e-01,5.497788925378213065e-01
9.560000000000000000e+02,8.840009906439200149e-01,9.630148351900693626e-01
9.570000000000000000e+02,3.999186328195033502e-01,1.355855801632479540e-01
9.580000000000000000e+02,9.359365077788021070e-01,4.587701950826597042e-01
9.590000000000000000e+02,2.338415086239273855e-01,9.647742262062575236e-01
9.600000000000000000e+02,6.987226641268109439e-01,1.321601402440641948e-01
9.610000000000000000e+02,8.209862807731365120e-01,4.468434117944335426e-01
9.620000000000000000e+02,5.731744494661736855e-01,9.654325005655497449e-01
9.630000000000000000e+02,9.541174497867572768e-01,1.320277316048681371e-01
9.640000000000000000e+02,1.707316330167707175e-01,4.432601930076449648e-01
9.650000000000000000e+02,5.521711357663700026e-01,9.624406615297367296e-01
9.660000000000000000e+02,9.643848731121033024e-01,1.460851250883514751e-01
9.670000000000000000e+02,1.339520895361572816e-01,4.876092873714119591e-01
9.680000000000000000e+02,4.524348162557128572e-01,9.743124395576963082e-01
9.690000000000000000e+02,9.661764578519516089e-01,1.044712540942285273e-01
9.700000000000000000e+02,1.274500895639695819e-01,3.615930163230127725e-01
9.710000000000000000e+02,4.337056005130122682e-01,9.042447273454889967e-01
9.720000000000000000e+02,9.578597051269728269e-01,3.372034205978220456e-01
9.730000000000000000e+02,1.574215126420618061e-01,8.720170911786153667e-01
9.740000000000000000e+02,5.172959219982331547e-01,4.358380183051711043e-01
9.750000000000000000e+02,9.738333192207010436e-01,9.560934450993574529e-01
9.760000000000000000e+02,9.937974382554357056e-02,1.677035235133423896e-01
9.770000000000000000e+02,3.490633003365802844e-01,5.442477152332916290e-01
9.780000000000000000e+02,8.861506395093871058e-01,9.703382648098060059e-01
9.790000000000000000e+02,3.934619660653163598e-01,1.124552018574203061e-01
9.800000000000000000e+02,9.307336245687956033e-01,3.941191701219572963e-01
9.810000000000000000e+02,2.514273241967285855e-01,9.300047859886344526e-01
9.820000000000000000e+02,7.340253368916066501e-01,2.538960021331284622e-01
9.830000000000000000e+02,7.614053526018030871e-01,7.394965858266369096e-01
9.840000000000000000e+02,7.085022423613953624e-01,7.507094783244045999e-01
9.850000000000000000e+02,8.054545782280527755e-01,7.266793048913999797e-01
9.860000000000000000e+02,6.111202524941372616e-01,7.748751286596711196e-01
9.870000000000000000e+02,9.268439289939928161e-01,6.801801629654828929e-01
9.880000000000000000e+02,2.644366150957877526e-01,8.483840404413633962e-01
9.890000000000000000e+02,7.585885776006326964e-01,5.052179338520659257e-01
9.900000000000000000e+02,7.142145953844780681e-01,9.735920494493086608e-01
9.910000000000000000e+02,7.960372177846309905e-01,1.028229535828231178e-01
9.920000000000000000e+02,6.332116661767063226e-01,3.628018307914384621e-01
9.930000000000000000e+02,9.057931427782605072e-01,9.013310519133757026e-01
9.940000000000000000e+02,3.327945085691549343e-01,3.470494366783878348e-01
9.950000000000000000e+02,8.659650621779414470e-01,8.808024665007163634e-01
9.960000000000000000e+02,4.526713357338722488e-01,4.096531382364130280e-01
9.970000000000000000e+02,9.662639904012582104e-01,9.452970945794332280e-01
9.980000000000000000e+02,1.271317758948720122e-01,2.041196296361498241e-01
9.990000000000000000e+02,4.327802210654834170e-01,6.345407871945845102e-01
1.000000000000000000e+03,9.573778551479794618e-01,9.066252123736653346e-01
1.001000000000000000e+03,1.591414407189122859e-01,3.284389452789540087e-01
1.002000000000000000e+03,5.218802260028027051e-01,8.634188111293799039e-01
1.003000000000000000e+03,9.731328972692584456e-01,4.580665806101489324e-01
1.004000000000000000e+03,1.019665199342296019e-01,9.770663728376582924e-01
1.005000000000000000e+03,3.571204601122546785e-01,8.632352612454852192e-02
1.006000000000000000e+03,8.953832046177182535e-01,3.141031611354860864e-01
1.007000000000000000e+03,3.653212738742717680e-01,8.363396703360947981e-01
1.008000000000000000e+03,9.042603988436892504e-01,5.414201082487757333e-01
1.009000000000000000e+03,3.376367667142910478e-01,9.658461129477835527e-01
1.010000000000000000e+03,8.721889038603408695e-01,1.254764579338392139e-01
1.011000000000000000e+03,4.347541373886279481e-01,4.243374088107012554e-01
1.012000000000000000e+03,9.583976119071820898e-01,9.475449801913233827e-01
1.013000000000000000e+03,1.554993546513906422e-01,1.944064419368718433e-01
1.014000000000000000e+03,5.121452908821275685e-01,6.088183591161211439e-01
1.015000000000000000e+03,9.744247184466151568e-01,9.295547212392918368e-01
1.016000000000000000e+03,9.719262745471475562e-02,2.496400848601432187e-01
1.017000000000000000e+03,3.422102604303387530e-01,7.375381680943711160e-01
1.018000000000000000e+03,8.778993525374999551e-01,7.453806331152907916e-01
1.019000000000000000e+03,4.180491094717794787e-01,7.422942408584418672e-01
1.020000000000000000e+03,9.488078010123631723e-01,7.460764270651445429e-01
1.021000000000000000e+03,1.894290752267433764e-01,7.372534701543109747e-01
1.022000000000000000e+03,5.988282326733882499e-01,7.530874145600670033e-01
1.023000000000000000e+03,9.369086236639531107e-01,7.284688043674307778e-01
1.024000000000000000e+03,2.305323328154737506e-01,7.700034999481690789e-01
